Date,Open,High,Low,Close,Adj Close,Volume,Name
01 January 2018,310,312.75,306.5,307.049988,299.568726,1725476,SBIN
02 January 2018,308.100006,308.850006,301.649994,302.899994,295.519836,1188380,SBIN
03 January 2018,304.899994,306.399994,302.149994,302.850006,295.471069,806325,SBIN
04 January 2018,304,309.899994,303,308.049988,300.544373,2863595,SBIN
05 January 2018,311,311.799988,305.600006,306.200012,298.739471,1897329,SBIN
08 January 2018,306.600006,309.299988,305,305.649994,298.20285,1043824,SBIN
09 January 2018,307,309.450012,303.450012,304.25,296.836975,1620111,SBIN
10 January 2018,304.100006,305.799988,300,301.049988,293.714935,911368,SBIN
11 January 2018,301.5,303.049988,300.100006,302,294.641785,746295,SBIN
12 January 2018,304.25,304.799988,300.600006,301.799988,294.446655,624189,SBIN
15 January 2018,303.200012,305.149994,301.549988,302.25,294.885681,1013072,SBIN
16 January 2018,302,303.399994,295.25,296.149994,288.934326,951637,SBIN
17 January 2018,295.200012,308,292.649994,306.350006,298.885803,4250423,SBIN
18 January 2018,314.149994,317.75,300.200012,302.75,295.373535,3848730,SBIN
19 January 2018,302.75,309.799988,302.450012,309.049988,301.519989,2100878,SBIN
22 January 2018,309.399994,309.399994,304,306.25,298.788239,1371793,SBIN
23 January 2018,306.25,319.950012,306.25,318,310.251953,2680572,SBIN
24 January 2018,317.799988,330.600006,316.100006,329.5,321.471741,4061533,SBIN
25 January 2018,333,334.799988,312,313.149994,305.520111,2511198,SBIN
29 January 2018,313.799988,318,310,311.100006,303.520081,1897912,SBIN
30 January 2018,311.049988,318.75,310.799988,312.850006,305.227417,1516354,SBIN
31 January 2018,313,316.450012,307.649994,312.75,305.129883,1593330,SBIN
01 February 2018,316.049988,317.450012,304.5,305.549988,298.105286,2992953,SBIN
02 February 2018,302,305.399994,295.049988,296.899994,289.666046,1746741,SBIN
05 February 2018,292.700012,300,289.799988,297.700012,290.446564,1100646,SBIN
06 February 2018,286,297.049988,283.100006,291.5,284.397644,7376854,SBIN
07 February 2018,295.600006,297.950012,290.100006,292.75,285.617188,1658643,SBIN
08 February 2018,293,308.049988,292.149994,301.450012,294.105194,1575362,SBIN
09 February 2018,297.950012,300.549988,295.049988,296.399994,289.178223,1480654,SBIN
12 February 2018,288,292.399994,285,288.5,281.470703,2614328,SBIN
14 February 2018,289,289.399994,275.799988,276.799988,270.055786,4035985,SBIN
15 February 2018,275,282,274.450012,278.850006,272.055847,2897772,SBIN
16 February 2018,280.049988,281.200012,270,271.75,265.128845,3887817,SBIN
19 February 2018,271.200012,271.75,256.600006,267.649994,261.128723,3120693,SBIN
20 February 2018,268.200012,273.950012,264.75,269.649994,263.079987,3655220,SBIN
21 February 2018,272,274,267.299988,273.100006,266.445923,2068366,SBIN
22 February 2018,271.600006,273.5,269.25,272.600006,265.95813,1232294,SBIN
23 February 2018,273.049988,277.350006,272.700012,276.100006,269.372864,1803816,SBIN
26 February 2018,280,280.399994,273.75,274.75,268.055725,1976330,SBIN
27 February 2018,273.950012,275.850006,266.100006,267.799988,261.275055,2343314,SBIN
28 February 2018,264.799988,270.399994,260.899994,268.75,262.201904,3090656,SBIN
01 March 2018,266.799988,270,261.299988,262.549988,256.152985,3299546,SBIN
05 March 2018,260.799988,268,258.75,263.799988,257.372528,1259416,SBIN
06 March 2018,266,266.100006,255,256.5,250.250397,1478458,SBIN
07 March 2018,255.949997,255.949997,246,246.649994,240.640381,2370683,SBIN
08 March 2018,247,257.5,244.399994,256.75,250.494293,1871880,SBIN
09 March 2018,257.049988,257.549988,251.899994,253.149994,246.98201,970104,SBIN
12 March 2018,254,255,247.399994,252.850006,246.689331,1189923,SBIN
13 March 2018,251.850006,262.399994,250,254.899994,248.689377,2170015,SBIN
14 March 2018,252.050003,257.600006,250,257,250.73822,1416650,SBIN
15 March 2018,257.899994,258.850006,253.100006,254.100006,247.908875,847186,SBIN
16 March 2018,253,255.600006,250.5,252.600006,246.445419,1834475,SBIN
19 March 2018,253,253.800003,246.100006,248.100006,242.055054,1074901,SBIN
20 March 2018,247,252.300003,245.449997,249.25,243.177032,1135716,SBIN
21 March 2018,251,254,247.199997,247.699997,241.664795,1581298,SBIN
22 March 2018,246.899994,247.199997,241,241.600006,235.71344,2448373,SBIN
23 March 2018,238.600006,238.600006,232.5,234.600006,228.883987,1993347,SBIN
26 March 2018,235,247.5,234.449997,246.350006,240.347702,3101683,SBIN
27 March 2018,250.699997,255.199997,248.199997,253.850006,247.664963,2726226,SBIN
28 March 2018,252.399994,255.899994,249.149994,250.100006,244.006332,1095310,SBIN
02 April 2018,251,251.949997,245.149994,246.300003,240.29892,819715,SBIN
03 April 2018,249.800003,253,248.25,250.350006,244.250244,2233250,SBIN
04 April 2018,251,253,245.600006,246.899994,240.884293,915994,SBIN
05 April 2018,251.199997,261.600006,250,258.399994,252.104095,1541677,SBIN
06 April 2018,260,261.149994,255,259.799988,253.469986,3233693,SBIN
09 April 2018,261.200012,262.75,257.799988,260.549988,254.201691,1675768,SBIN
10 April 2018,260.649994,265.25,258.5,263.25,256.835938,4251599,SBIN
11 April 2018,263.25,263.25,256.5,257.299988,251.030899,858460,SBIN
12 April 2018,257,257.399994,252.699997,254.300003,248.104004,779024,SBIN
13 April 2018,254.050003,256.049988,250.149994,251.199997,245.079529,1005847,SBIN
16 April 2018,249,251.5,247.5,249.300003,243.22583,582678,SBIN
17 April 2018,251.5,252.550003,246.800003,248.199997,242.152618,857524,SBIN
18 April 2018,249,250,245.399994,246.25,240.250122,844431,SBIN
19 April 2018,247.899994,248.199997,245.199997,246.25,240.250122,706446,SBIN
20 April 2018,245.5,245.550003,239.5,241.399994,235.518295,1176085,SBIN
23 April 2018,242.5,244.850006,239.25,242.699997,236.786621,2604328,SBIN
24 April 2018,242,243.5,239.5,240.600006,234.737793,636887,SBIN
25 April 2018,240.5,240.699997,237,237.399994,231.615753,696728,SBIN
26 April 2018,238.100006,238.75,232.600006,233.350006,227.664444,851875,SBIN
27 April 2018,232,245.75,232,242.649994,236.737839,1733902,SBIN
30 April 2018,245,249.5,244.800003,246.300003,240.29892,961621,SBIN
02 May 2018,246.399994,246.399994,239.75,240.649994,234.786575,638079,SBIN
03 May 2018,240.050003,243.399994,238.800003,241.800003,235.908569,741317,SBIN
04 May 2018,243,243.850006,240.649994,241.949997,236.054901,1905471,SBIN
07 May 2018,242,248.149994,242,246.5,240.494049,1721182,SBIN
08 May 2018,247.5,252.449997,244.75,250,243.908752,2584623,SBIN
09 May 2018,249.949997,249.949997,246.449997,248.800003,242.738007,2068689,SBIN
10 May 2018,247.300003,250.350006,246.600006,247.949997,241.908707,1122880,SBIN
11 May 2018,247.149994,251.800003,246.100006,250.899994,244.786835,2267400,SBIN
14 May 2018,250,255.600006,248.550003,253.350006,247.177155,1425180,SBIN
15 May 2018,253.800003,257.200012,246,248.600006,242.542877,2175881,SBIN
16 May 2018,245.75,248.600006,240.800003,243.149994,237.225662,1533799,SBIN
17 May 2018,245,245.949997,242,243.300003,237.372009,1866104,SBIN
18 May 2018,242.899994,243.899994,237.850006,239.199997,233.371902,2252912,SBIN
21 May 2018,242.699997,245.850006,240.25,245.100006,239.128159,1389712,SBIN
22 May 2018,244.300003,259.899994,241.300003,254.149994,247.957642,4489373,SBIN
23 May 2018,254.199997,269.700012,254.149994,263.200012,256.78717,4757067,SBIN
24 May 2018,264.700012,269.5,260.799988,268.5,261.958008,2078061,SBIN
25 May 2018,268.200012,268.700012,262.649994,267,260.494568,1140754,SBIN
28 May 2018,267.5,274,266.25,272.25,265.616638,1176549,SBIN
29 May 2018,270.100006,271,263.450012,264.899994,258.44574,821457,SBIN
30 May 2018,261.600006,268.049988,260,266.899994,260.396973,1077579,SBIN
31 May 2018,267.399994,272.850006,263.200012,269.200012,262.640961,863012,SBIN
01 June 2018,269.5,269.700012,264.600006,266.75,260.250671,746894,SBIN
04 June 2018,268.850006,268.950012,261.649994,263.100006,256.689575,657500,SBIN
05 June 2018,262,265.049988,261,263.5,257.079834,797511,SBIN
06 June 2018,263,270.799988,262.149994,269.899994,263.323914,1003521,SBIN
07 June 2018,271.399994,272.700012,268.399994,269.25,262.689758,1036913,SBIN
08 June 2018,269.049988,273.200012,267.049988,272.700012,266.055695,951380,SBIN
11 June 2018,273.700012,278.25,272.549988,273.649994,266.982544,918121,SBIN
12 June 2018,273.649994,284.600006,273.649994,282.850006,275.958374,1735577,SBIN
13 June 2018,284,289.350006,284,287.649994,280.641418,1470080,SBIN
14 June 2018,287,287.149994,281.25,282.700012,275.812042,903754,SBIN
15 June 2018,282.700012,283.399994,276.5,277.549988,270.787506,703218,SBIN
18 June 2018,277.5,279.700012,275.549988,276.850006,270.104553,703222,SBIN
19 June 2018,276,276.700012,270.100006,272.399994,265.763,1145820,SBIN
20 June 2018,272.549988,274.75,271.549988,273.25,266.592285,911269,SBIN
21 June 2018,274.399994,274.549988,268.049988,268.700012,262.153137,460574,SBIN
22 June 2018,268,273.899994,265.799988,273.25,266.592285,775701,SBIN
25 June 2018,273,275,267.399994,268.299988,261.762878,482283,SBIN
26 June 2018,267,271.100006,265.450012,267.149994,260.6409,978497,SBIN
27 June 2018,268,268,260.799988,261.649994,255.274902,795485,SBIN
28 June 2018,260,261.950012,255.850006,256.850006,250.591873,740047,SBIN
29 June 2018,257.600006,263.299988,257.600006,259.299988,252.982162,569762,SBIN
02 July 2018,259.899994,261.600006,254,259.100006,252.787048,882392,SBIN
03 July 2018,260,260.700012,256.700012,257.75,251.46994,541935,SBIN
04 July 2018,257,258.350006,254.649994,257.5,251.226028,764399,SBIN
05 July 2018,257.100006,258.600006,255.5,256.600006,250.347961,405184,SBIN
06 July 2018,256.899994,260.899994,255.699997,257.450012,251.177261,652809,SBIN
09 July 2018,258,262.399994,258,261.350006,254.982239,569398,SBIN
10 July 2018,262.100006,265.600006,262.100006,263.5,257.079834,545861,SBIN
11 July 2018,263.450012,263.450012,258,258.899994,252.591904,586328,SBIN
12 July 2018,261.899994,264.350006,261,262.75,256.348114,526188,SBIN
13 July 2018,261.899994,263.049988,256.100006,257.600006,251.323608,3130061,SBIN
16 July 2018,257,257.549988,251.100006,251.75,245.616119,481573,SBIN
17 July 2018,250.949997,260,250.350006,259.25,252.93338,1077503,SBIN
18 July 2018,260,262.649994,256.049988,259,252.689484,882204,SBIN
19 July 2018,259.100006,263.200012,256,260.149994,253.811462,772866,SBIN
20 July 2018,260.899994,262.899994,258.649994,260.950012,254.59198,677082,SBIN
23 July 2018,261.5,267.350006,260.700012,266.399994,259.90918,776987,SBIN
24 July 2018,266.399994,269.25,265.700012,266.700012,260.201874,583727,SBIN
25 July 2018,269.399994,272.549988,265.799988,271.450012,264.836151,810369,SBIN
26 July 2018,275,288.5,273.549988,286.700012,279.7146,2153581,SBIN
27 July 2018,289,296.799988,285,286.600006,279.617004,1939170,SBIN
30 July 2018,288,299.549988,287.600006,297.350006,290.105103,1962286,SBIN
31 July 2018,297.399994,302.299988,292.25,293.399994,286.251312,1877491,SBIN
01 August 2018,295,297.799988,289,295.100006,287.909912,1758321,SBIN
02 August 2018,293.899994,296.200012,290.600006,294,286.836731,884852,SBIN
03 August 2018,295.399994,299.149994,294.049988,298.600006,291.324646,3477241,SBIN
06 August 2018,300.5,310.899994,300.5,308.549988,301.032196,2032631,SBIN
07 August 2018,309.399994,310.5,303,304,296.593079,1083375,SBIN
08 August 2018,305.5,310.549988,303.149994,308.649994,301.129761,1057985,SBIN
09 August 2018,313,319.200012,310.100006,316.450012,308.739746,2508521,SBIN
10 August 2018,317.700012,325.850006,301.100006,304.450012,297.032104,6462515,SBIN
13 August 2018,296.399994,302.549988,291.799988,294.799988,287.617218,2454485,SBIN
14 August 2018,296.950012,299.100006,293.75,294.700012,287.519653,1678183,SBIN
16 August 2018,293.950012,298.25,290.5,292.700012,285.56839,1137255,SBIN
17 August 2018,295.899994,302.649994,294.200012,302,294.641785,1395035,SBIN
20 August 2018,304,308.5,303.700012,307.549988,300.056549,1390276,SBIN
21 August 2018,308.100006,308.5,303.5,306.899994,299.422394,758375,SBIN
23 August 2018,307.899994,307.899994,298.350006,302.25,294.885681,953542,SBIN
24 August 2018,301.25,305.850006,299.100006,300.299988,292.983185,1068084,SBIN
27 August 2018,303.25,310.299988,303.25,308.25,300.739502,1887982,SBIN
28 August 2018,308.700012,310.149994,303.600006,304.950012,297.519928,812586,SBIN
29 August 2018,306.899994,312,306,309.649994,302.105408,1538284,SBIN
30 August 2018,310,310,306,308.149994,300.641937,934912,SBIN
31 August 2018,307.299988,310,304.75,308.850006,301.32489,1333008,SBIN
03 September 2018,312,312.200012,304.299988,306.399994,298.93457,1011813,SBIN
04 September 2018,307.700012,307.700012,295.700012,296.600006,289.373352,1127481,SBIN
05 September 2018,296.899994,298.899994,290.600006,296.75,289.519714,1072809,SBIN
06 September 2018,298.299988,300,295.100006,296.649994,289.422119,886328,SBIN
07 September 2018,296.5,296.5,290,291.850006,284.739075,1316405,SBIN
10 September 2018,291,293.299988,284,285,278.055969,1653251,SBIN
11 September 2018,288.299988,291.5,281.200012,282.299988,275.421753,2335721,SBIN
12 September 2018,283.899994,286.600006,280.149994,285.450012,278.495056,1125940,SBIN
14 September 2018,290,291.450012,288.850006,290.399994,283.324402,915880,SBIN
17 September 2018,289.5,289.5,284.100006,285.600006,278.641357,1036473,SBIN
18 September 2018,285.600006,286.899994,272.549988,274,267.324005,1777022,SBIN
19 September 2018,276.049988,278,270.600006,271.399994,264.787354,1717341,SBIN
21 September 2018,274.899994,279.350006,253.600006,270.049988,263.470245,3124345,SBIN
24 September 2018,272.25,273,263,264.549988,258.104248,2803506,SBIN
25 September 2018,264.899994,272.200012,261,270.25,263.665375,1171589,SBIN
26 September 2018,272.549988,273.850006,262.350006,264,257.567657,5335956,SBIN
27 September 2018,264.049988,268.149994,263.899994,265,258.543274,939783,SBIN
28 September 2018,266.850006,272.75,262.399994,265,258.543274,1981859,SBIN
01 October 2018,265.5,274.25,264.399994,273.049988,266.397156,1464835,SBIN
03 October 2018,274,278.299988,269.950012,270.700012,264.104431,1566631,SBIN
04 October 2018,268.950012,272.399994,265.799988,270.600006,264.006836,998578,SBIN
05 October 2018,271,272,255.949997,257.799988,251.518707,2129211,SBIN
08 October 2018,259.149994,268.350006,258.549988,266,259.518921,1077520,SBIN
09 October 2018,268.700012,268.700012,259.700012,262.649994,256.250549,1145115,SBIN
10 October 2018,261.950012,279.399994,261.149994,278.100006,271.324097,1684200,SBIN
11 October 2018,268.799988,271.25,261.100006,262.149994,255.762711,2638145,SBIN
12 October 2018,265,268,261.5,263.350006,256.933502,6700498,SBIN
15 October 2018,263.350006,265.600006,261,263.350006,256.933502,896570,SBIN
16 October 2018,264.799988,271,263.600006,270.200012,263.616608,1837519,SBIN
17 October 2018,274.450012,275,259.899994,261.149994,254.787109,1282755,SBIN
19 October 2018,260,264,258.100006,260.850006,254.4944,1526541,SBIN
22 October 2018,264.549988,266.5,259,259.950012,253.616348,3525967,SBIN
23 October 2018,258.299988,259,254.949997,255.350006,249.128418,1194413,SBIN
24 October 2018,259.5,261.850006,252.899994,255.5,249.27475,1270634,SBIN
25 October 2018,254.800003,255,248.399994,249.649994,243.567291,1439903,SBIN
26 October 2018,254,254,247.649994,248.100006,242.055054,1037269,SBIN
29 October 2018,248.949997,268.75,248.300003,268.049988,261.518982,2416167,SBIN
30 October 2018,267.200012,279,266.149994,273.149994,266.49469,2144031,SBIN
31 October 2018,275,281.799988,268.700012,280.5,273.665649,1620969,SBIN
01 November 2018,282.5,288.350006,278.850006,285.700012,278.738953,1765394,SBIN
02 November 2018,287.100006,292.649994,283.25,285.450012,278.495056,1738174,SBIN
05 November 2018,286,299.899994,283.75,295.299988,288.105011,2519900,SBIN
06 November 2018,297.799988,298.149994,284.299988,286.5,279.51947,2486352,SBIN
07 November 2018,289.899994,290,285.950012,286.649994,279.665771,250372,SBIN
09 November 2018,287.100006,287.450012,282.549988,283,276.104736,4075029,SBIN
12 November 2018,284,284,276.850006,277.75,270.982666,1745463,SBIN
13 November 2018,276.5,279.899994,273.5,278.149994,271.372894,965595,SBIN
14 November 2018,280.049988,287.700012,279.100006,283.700012,276.787659,7343921,SBIN
15 November 2018,283.700012,287,281.299988,285.299988,278.348663,1004630,SBIN
16 November 2018,286.049988,291.049988,282.850006,290.299988,283.226837,1548651,SBIN
19 November 2018,292,293.399994,286.299988,288.200012,281.17804,697713,SBIN
20 November 2018,286.5,288.649994,282,283.049988,276.153503,913371,SBIN
21 November 2018,284,289.5,283.299988,286.549988,279.568207,1825790,SBIN
22 November 2018,286.5,287,281.5,282.600006,275.714478,493534,SBIN
26 November 2018,283.5,286.799988,279.75,285.700012,278.738953,953082,SBIN
27 November 2018,285,290.200012,283.899994,289.049988,282.007294,1246974,SBIN
28 November 2018,289.5,292.450012,283,284.149994,277.226685,1414725,SBIN
29 November 2018,288.75,289.649994,284.25,286.25,279.275513,782172,SBIN
30 November 2018,289.649994,290.799988,283.299988,284.350006,277.421814,812783,SBIN
03 December 2018,287.399994,287.899994,283.399994,287,280.007263,712981,SBIN
04 December 2018,287.549988,287.899994,281.899994,282.299988,275.421753,982218,SBIN
05 December 2018,282,283.049988,277.700012,280.200012,273.372955,686643,SBIN
06 December 2018,277.100006,279,275,275.75,269.031372,602183,SBIN
07 December 2018,276.549988,277.5,272.25,275.399994,268.68988,697518,SBIN
10 December 2018,261.100006,276.399994,261.100006,273.399994,266.738617,763037,SBIN
11 December 2018,269,283,267.299988,281.200012,274.348572,1231049,SBIN
12 December 2018,283.5,285.799988,282.549988,285.25,278.299927,844352,SBIN
13 December 2018,289.600006,294.049988,286,288.600006,281.568298,1542462,SBIN
14 December 2018,290,290.850006,286.950012,289.149994,282.104858,1000259,SBIN
17 December 2018,289.600006,291.299988,287.100006,288.649994,281.617065,1490329,SBIN
18 December 2018,288.299988,294,287,292.549988,285.422028,1555559,SBIN
19 December 2018,294.5,301.950012,294.049988,300.399994,293.08075,3368259,SBIN
20 December 2018,299.399994,301.5,293,293.850006,286.690369,2250216,SBIN
21 December 2018,294,296.450012,290.049988,291.649994,284.543945,1994307,SBIN
24 December 2018,292.5,294.950012,289.850006,292.799988,285.665924,1649779,SBIN
26 December 2018,293,294.799988,287.200012,293.950012,286.787933,1965380,SBIN
27 December 2018,295.200012,297.5,291.049988,291.850006,284.739075,905888,SBIN
28 December 2018,294.700012,297.049988,293.600006,294.450012,287.275757,1195602,SBIN
31 December 2018,296.5,298.100006,295.049988,295.649994,288.446503,1779006,SBIN
01 January 2019,297,300.149994,293.799988,299.350006,292.056335,2978586,SBIN
02 January 2019,299.350006,302.200012,293.100006,293.850006,286.690369,1691617,SBIN
03 January 2019,294.75,295.75,290.200012,291.049988,283.958557,1648244,SBIN
04 January 2019,293.799988,298.950012,291.450012,297.5,290.251404,1642285,SBIN
07 January 2019,301,301.350006,294.649994,295.700012,288.4953,996250,SBIN
08 January 2019,295,305.799988,294.700012,305.100006,297.66626,1613023,SBIN
09 January 2019,306,306.950012,300.850006,305.049988,297.617462,1341992,SBIN
10 January 2019,305.149994,307.200012,302.950012,304.649994,297.227234,1420815,SBIN
11 January 2019,305.5,306,301.100006,302.549988,295.178375,1117724,SBIN
14 January 2019,301.600006,303.399994,299.450012,300.5,293.178345,1574072,SBIN
15 January 2019,301.299988,303.600006,300.549988,301,293.666138,1159145,SBIN
16 January 2019,303,306.399994,302,302.75,295.373535,1198578,SBIN
17 January 2019,303.299988,304.5,295.399994,297.350006,290.105103,2476004,SBIN
18 January 2019,298.049988,299.700012,294.200012,295.200012,288.007477,1061221,SBIN
21 January 2019,295.149994,296.75,291.100006,292.350006,285.226929,1451832,SBIN
22 January 2019,292.350006,292.799988,288.200012,290.299988,283.226837,713849,SBIN
23 January 2019,290.049988,294.700012,285.399994,286.5,279.51947,578169,SBIN
24 January 2019,285.5,289.899994,285.5,287.950012,280.934143,578602,SBIN
25 January 2019,288.5,291,283.25,285.25,278.299927,498339,SBIN
28 January 2019,286.399994,286.5,277.450012,281.600006,274.738831,641526,SBIN
29 January 2019,282,286,276.600006,280.75,273.909546,795755,SBIN
30 January 2019,280.799988,290,280.399994,287.5,280.495056,1230092,SBIN
31 January 2019,289.899994,294.5,287.75,293.350006,286.202576,1920682,SBIN
01 February 2019,296.049988,302.350006,282,284.299988,277.373047,4499756,SBIN
04 February 2019,283.399994,284.850006,278,283.600006,276.690125,1106833,SBIN
05 February 2019,284.049988,286.75,283,284.5,277.568176,677418,SBIN
06 February 2019,285.399994,288.899994,283.600006,288.200012,281.17804,911063,SBIN
07 February 2019,289.799988,294,286.850006,287.600006,280.592651,1799597,SBIN
08 February 2019,285.5,287.299988,282.399994,285.049988,278.104767,704422,SBIN
11 February 2019,286,286,279,279.799988,272.982666,616744,SBIN
12 February 2019,280.25,282.200012,274.5,275.399994,268.68988,739466,SBIN
14 February 2019,268.5,268.649994,264,267.049988,260.543335,1325699,SBIN
15 February 2019,268.5,269,261.299988,262.950012,256.543243,926380,SBIN
18 February 2019,263.049988,265.5,258.799988,259.75,253.421204,985624,SBIN
19 February 2019,260.5,267.25,260.5,262.5,256.104187,916974,SBIN
20 February 2019,265,267.700012,264.5,267.049988,260.543335,741933,SBIN
21 February 2019,269.950012,270.899994,267,267.549988,261.031158,755803,SBIN
22 February 2019,268,271.799988,267.25,270.75,264.153198,667047,SBIN
25 February 2019,271,271.450012,268.149994,270.200012,263.616608,564769,SBIN
26 February 2019,268,268.200012,263.25,266.299988,259.811615,878518,SBIN
27 February 2019,267.299988,272.5,266.5,267.25,260.738464,1174418,SBIN
28 February 2019,267.5,270.950012,267.5,269.75,263.177551,658736,SBIN
01 March 2019,270,274.399994,270,272.950012,266.299622,1005936,SBIN
05 March 2019,271.899994,277.5,271.200012,276.049988,269.324036,2460449,SBIN
06 March 2019,276.299988,282.200012,275.549988,277.649994,270.885071,1332335,SBIN
07 March 2019,279.700012,282,277.649994,281.149994,274.299805,2438806,SBIN
08 March 2019,282,284.200012,279.799988,281.25,274.397339,2448108,SBIN
11 March 2019,283.299988,288.5,283.299988,286.799988,279.812134,1742960,SBIN
12 March 2019,289,289.75,285.299988,286.5,279.51947,2114120,SBIN
13 March 2019,286.5,293.5,284.549988,292.649994,285.519592,1853310,SBIN
14 March 2019,294.149994,294.600006,290.450012,291.149994,284.056152,1933895,SBIN
15 March 2019,292.049988,300.5,292.049988,297.700012,290.446564,2317993,SBIN
18 March 2019,298.399994,300.75,294.299988,298.450012,291.178284,3018009,SBIN
19 March 2019,300.049988,306.200012,299,302.75,295.373535,1955315,SBIN
20 March 2019,302.899994,304.700012,299.850006,303.450012,296.056458,1777827,SBIN
22 March 2019,304.049988,306.299988,297,298.100006,290.836792,1756380,SBIN
25 March 2019,294.899994,295,292.399994,293.799988,286.641571,2288397,SBIN
26 March 2019,294.049988,305.950012,294.049988,303.299988,295.910095,2237048,SBIN
27 March 2019,305,310.700012,304.299988,308.049988,300.544373,2323321,SBIN
28 March 2019,310,319.899994,309.149994,318.399994,310.642212,2524781,SBIN
01 April 2019,322,327.5,321.200012,322.799988,314.934998,1131983,SBIN
02 April 2019,323.5,330.5,321.899994,328.549988,320.544891,1270507,SBIN
03 April 2019,330.299988,332.649994,319.549988,320.649994,312.837372,1202674,SBIN
04 April 2019,320.75,325.549988,318.549988,321.700012,313.861816,1046914,SBIN
05 April 2019,323.600006,323.600006,314.649994,317,309.276306,1136364,SBIN
08 April 2019,318.799988,319.299988,311.25,312.799988,305.17865,757492,SBIN
09 April 2019,313.549988,315.950012,308.100006,315.149994,307.471375,1568338,SBIN
10 April 2019,315.149994,317.25,310.5,311.200012,303.617645,864801,SBIN
11 April 2019,311.200012,315,308.950012,314.700012,307.032349,815753,SBIN
12 April 2019,314.5,316.5,311.5,315.299988,307.617737,655701,SBIN
15 April 2019,315.299988,318.5,314.100006,315.649994,307.959198,584068,SBIN
16 April 2019,316.149994,319.299988,314.950012,315.799988,308.10553,843477,SBIN
18 April 2019,315.899994,315.899994,308.100006,310.899994,303.324951,708133,SBIN
22 April 2019,309.049988,312.399994,306.5,310,302.446869,819602,SBIN
23 April 2019,310.450012,313.549988,304.899994,305.649994,298.20285,760962,SBIN
24 April 2019,307,311.850006,303.600006,310.700012,303.129822,737115,SBIN
25 April 2019,311.5,312.049988,305.700012,306.299988,298.837006,575028,SBIN
26 April 2019,306.450012,313.25,306.450012,312.299988,304.690826,714393,SBIN
30 April 2019,312.5,312.5,305,310.200012,302.641998,641470,SBIN
02 May 2019,308,311.350006,305.600006,307.450012,299.959015,1414777,SBIN
03 May 2019,308.100006,311.5,308.100006,309.149994,301.617554,2895175,SBIN
06 May 2019,307.799988,310,305.899994,308.700012,301.178558,614890,SBIN
07 May 2019,310.299988,312.299988,304.049988,305.850006,298.39801,1896017,SBIN
08 May 2019,305.450012,305.450012,297,298.100006,290.836792,1347901,SBIN
09 May 2019,298.899994,300.950012,295.950012,299.25,291.958801,1254416,SBIN
10 May 2019,301.950012,310.700012,292.200012,308.049988,300.544373,3616120,SBIN
13 May 2019,310.399994,314.399994,305.100006,306.75,299.276062,1903014,SBIN
14 May 2019,307.899994,316.049988,305.049988,313.899994,306.251831,1364050,SBIN
15 May 2019,316,317.75,310.200012,311.600006,304.007874,1670626,SBIN
16 May 2019,312.5,316.850006,309.5,315.200012,307.520203,907009,SBIN
17 May 2019,315.049988,321.600006,313.299988,318.950012,311.178833,922507,SBIN
20 May 2019,334.5,346.100006,330.75,344.600006,336.203857,3409600,SBIN
21 May 2019,346.049988,347.100006,336.149994,337.549988,329.325592,5921841,SBIN
22 May 2019,339.5,342.799988,333.549988,340.850006,332.545227,1969361,SBIN
23 May 2019,350,364,339.200012,342.299988,333.959869,4157235,SBIN
24 May 2019,345.200012,356,343.5,354.600006,345.960205,2400864,SBIN
27 May 2019,355.299988,362.200012,354,361.450012,352.643311,1801457,SBIN
28 May 2019,361.5,361.5,356.700012,360.399994,351.618866,1311058,SBIN
29 May 2019,358.450012,359,347.200012,348.549988,340.057587,1072362,SBIN
30 May 2019,350,354.899994,347.600006,353.649994,345.033325,1041082,SBIN
31 May 2019,354.100006,357.799988,345,352.549988,343.960114,1309018,SBIN
03 June 2019,352.049988,355.549988,349.799988,354.899994,346.252869,1028901,SBIN
04 June 2019,354.299988,357.149994,351.350006,352.350006,343.765015,2138824,SBIN
06 June 2019,349.799988,349.799988,336.100006,337.049988,328.837799,1463518,SBIN
07 June 2019,337.899994,342.350006,335.850006,341.649994,333.325714,1187491,SBIN
10 June 2019,345.399994,347.5,339.899994,343.399994,335.033081,1179734,SBIN
11 June 2019,344,348.200012,342.850006,347.350006,338.886841,799537,SBIN
12 June 2019,347.350006,347.350006,342.5,344.200012,335.813599,636710,SBIN
13 June 2019,342.200012,347,339.549988,346.299988,337.862396,1997665,SBIN
14 June 2019,346.200012,346.350006,342.700012,343.850006,335.472107,556440,SBIN
17 June 2019,343.799988,343.899994,337.049988,337.75,329.520752,505325,SBIN
18 June 2019,335.049988,343.899994,333.75,340.25,331.959839,1181672,SBIN
19 June 2019,343.600006,345.100006,335.700012,338.850006,330.593933,566810,SBIN
20 June 2019,342,346.200012,335.799988,345.049988,336.642853,688573,SBIN
21 June 2019,345,350.450012,343.25,349.450012,340.935669,840865,SBIN
24 June 2019,350,354.549988,349.75,353.25,344.643066,839158,SBIN
25 June 2019,353.25,356.899994,351.25,356.5,347.813904,591162,SBIN
26 June 2019,355.549988,359,354.649994,358,349.277344,638202,SBIN
27 June 2019,358,363,357.399994,362.049988,353.228668,825941,SBIN
28 June 2019,362,364.850006,358.899994,360.899994,352.106689,757668,SBIN
01 July 2019,362.200012,362.950012,358.549988,361.5,352.692078,385010,SBIN
02 July 2019,362.5,365,360.350006,364.5,355.618958,530796,SBIN
03 July 2019,366,366.549988,363.149994,366.149994,357.22876,484847,SBIN
04 July 2019,367,370.700012,366.299988,367.299988,358.350739,849228,SBIN
05 July 2019,369.25,373.399994,366,370.600006,361.570374,1784869,SBIN
08 July 2019,368.899994,368.899994,353.549988,355.25,346.59436,901026,SBIN
09 July 2019,355,360,352.600006,359.149994,350.399323,840451,SBIN
10 July 2019,360.299988,361.700012,351.350006,354.200012,345.569946,1309501,SBIN
11 July 2019,358,364,357.049988,363.100006,354.253113,738643,SBIN
12 July 2019,363.350006,366.399994,361.5,363.549988,354.692108,472281,SBIN
15 July 2019,364.100006,364.649994,357.600006,359.950012,351.179871,1135189,SBIN
16 July 2019,358.799988,365.850006,357.549988,364.25,355.375061,467513,SBIN
17 July 2019,364.549988,373.5,363.200012,372.149994,363.082581,652963,SBIN
18 July 2019,372.200012,373.700012,362.600006,363.649994,354.789673,842441,SBIN
19 July 2019,364.649994,365.899994,355.149994,356,347.32608,533455,SBIN
22 July 2019,356.200012,359.5,348.799988,350.799988,342.252777,1051694,SBIN
23 July 2019,352.799988,353.100006,341.049988,342.049988,333.715973,929840,SBIN
24 July 2019,342.200012,344.75,336.299988,339.649994,331.374451,766187,SBIN
25 July 2019,341,343.200012,337.549988,341.399994,333.081787,684937,SBIN
26 July 2019,341.450012,346.100006,340.850006,342.5,334.155029,728342,SBIN
29 July 2019,342.600006,346.600006,336.950012,343.649994,335.276978,665510,SBIN
30 July 2019,343.75,346.700012,325.850006,327.5,319.520508,980143,SBIN
31 July 2019,325.75,333.100006,323.899994,332.049988,323.959595,863474,SBIN
01 August 2019,331,331.549988,311.5,317.200012,309.471436,1435145,SBIN
02 August 2019,315.549988,322.200012,307.049988,308.450012,300.934631,2971380,SBIN
05 August 2019,299.700012,302.850006,292,300.25,292.934448,1993140,SBIN
06 August 2019,298.700012,304.350006,297.5,301.25,293.910065,1702032,SBIN
07 August 2019,302.549988,303.049988,288.850006,289.950012,282.885406,1228606,SBIN
08 August 2019,290,295.399994,285.649994,294.299988,287.129395,1092000,SBIN
09 August 2019,297,297.950012,290.200012,291.350006,284.251282,1054810,SBIN
13 August 2019,292.100006,292.100006,282.600006,283.399994,276.494965,851714,SBIN
14 August 2019,285,291.25,284.350006,289.850006,282.787842,767771,SBIN
16 August 2019,287.200012,292.600006,284.299988,290.950012,283.861023,7291861,SBIN
19 August 2019,292.649994,292.649994,286.100006,286.700012,279.7146,716842,SBIN
20 August 2019,286.549988,287.549988,280.850006,283.649994,276.738892,844230,SBIN
21 August 2019,285.299988,285.799988,276.399994,277.399994,270.641174,977952,SBIN
22 August 2019,277,278,267.299988,268.399994,261.860443,953867,SBIN
23 August 2019,267.399994,275.049988,262.700012,271.100006,264.49469,1261096,SBIN
26 August 2019,288,288,270.049988,280.25,273.421753,5094718,SBIN
27 August 2019,284.399994,288,282.75,285.700012,278.738953,3226219,SBIN
28 August 2019,287.25,287.25,282.200012,284.899994,277.958435,915588,SBIN
29 August 2019,283,284.299988,273.5,274.649994,267.95816,906601,SBIN
30 August 2019,276.25,277.899994,266.950012,273.700012,267.031311,1911077,SBIN
03 September 2019,271.899994,271.899994,267.149994,268.350006,261.811676,1047142,SBIN
04 September 2019,269.700012,275.75,267.600006,274.950012,268.250854,2238035,SBIN
05 September 2019,275.399994,276.299988,271.149994,273.149994,266.49469,1163219,SBIN
06 September 2019,275.350006,277,272.25,273.950012,267.275238,619789,SBIN
09 September 2019,274,278.600006,271.5,277.899994,271.128967,998548,SBIN
11 September 2019,278.899994,285.850006,278.450012,285.299988,278.348663,743599,SBIN
12 September 2019,287.049988,288.700012,284.100006,286.850006,279.860901,871274,SBIN
13 September 2019,286,292.399994,282.100006,291.700012,284.592773,970245,SBIN
16 September 2019,287.899994,290.450012,284.049988,284.649994,277.714508,824210,SBIN
17 September 2019,285.299988,286.350006,273.100006,273.899994,267.22644,1084815,SBIN
18 September 2019,277,282.850006,274.5,280.5,273.665649,1000704,SBIN
19 September 2019,280.5,280.5,273.200012,274.049988,267.372772,1126938,SBIN
20 September 2019,274.049988,307.600006,268.549988,301.700012,294.349121,4417530,SBIN
23 September 2019,308.200012,315.5,300.399994,313.600006,305.959167,3682690,SBIN
24 September 2019,313.200012,315,301,302.450012,295.080841,1712432,SBIN
25 September 2019,299.399994,299.399994,278.600006,280.149994,273.324158,2970811,SBIN
26 September 2019,281.600006,289.700012,277,281.899994,275.031525,3447677,SBIN
27 September 2019,283,286.049988,280,281.25,274.397339,1793222,SBIN
30 September 2019,283.299988,283.299988,270.100006,270.899994,264.29953,1809505,SBIN
01 October 2019,273.799988,275.5,245.649994,256,249.762573,4976408,SBIN
03 October 2019,255,260.700012,250.149994,255,248.786942,4848548,SBIN
04 October 2019,259.899994,260.5,248.600006,249.899994,243.811203,3261583,SBIN
07 October 2019,251.100006,253.399994,246.600006,249,242.933136,2033866,SBIN
09 October 2019,250.100006,262,244.350006,260.899994,254.543167,2783279,SBIN
10 October 2019,259,259,252.699997,254.050003,247.860077,1638667,SBIN
11 October 2019,256.700012,261.399994,251.600006,254.5,248.299133,2074551,SBIN
14 October 2019,257,259.350006,254.100006,255.449997,249.225983,1071347,SBIN
15 October 2019,256.799988,259.899994,254.75,258.399994,252.104095,1166418,SBIN
16 October 2019,259.399994,261.850006,255.050003,255.899994,249.665009,1786459,SBIN
17 October 2019,256,266.100006,255.850006,265.450012,258.98233,1695780,SBIN
18 October 2019,264.5,271.200012,263.5,269.649994,263.079987,1770184,SBIN
22 October 2019,270,274.950012,268.600006,270.450012,263.860504,1330438,SBIN
23 October 2019,270.950012,277.700012,268.799988,275.5,268.787476,1197684,SBIN
24 October 2019,277,277.649994,248.800003,262.700012,256.299347,2991580,SBIN
25 October 2019,266.399994,284,263.600006,281.600006,274.738831,5552179,SBIN
27 October 2019,285.899994,285.899994,280.350006,282.049988,275.177856,592108,SBIN
29 October 2019,283.700012,284.899994,278.600006,280.5,273.665649,1831074,SBIN
30 October 2019,283.799988,291,279.25,289.950012,282.885406,2252804,SBIN
31 October 2019,293.399994,318,292.600006,312.25,304.642029,6166973,SBIN
01 November 2019,312.799988,315.100006,308.700012,313.5,305.861572,2137459,SBIN
04 November 2019,315.100006,319,312.600006,314.200012,306.544556,1708410,SBIN
05 November 2019,313.899994,322,312.75,319.200012,311.422729,2324932,SBIN
06 November 2019,319.200012,319.200012,314,317.549988,309.812897,1673285,SBIN
07 November 2019,317.649994,323.299988,316.600006,318.149994,310.398285,1389521,SBIN
08 November 2019,317,321,314.850006,315.850006,308.154358,1052289,SBIN
11 November 2019,315.299988,319.25,313.299988,318.299988,310.544617,886219,SBIN
13 November 2019,317.450012,318.5,305.600006,306.549988,299.080902,1185213,SBIN
14 November 2019,306.799988,309.350006,299.850006,306.100006,298.641907,1265090,SBIN
15 November 2019,312,323.5,310,322,314.15448,4298460,SBIN
18 November 2019,324,329.75,323.950012,325.200012,317.27655,2005080,SBIN
19 November 2019,326.899994,331.75,322.200012,330.299988,322.252258,1498918,SBIN
20 November 2019,332,332.75,325.100006,328.700012,320.691254,1228683,SBIN
21 November 2019,329.799988,333,326.649994,331.350006,323.276672,1319148,SBIN
22 November 2019,331.25,333.700012,328.450012,329.149994,321.13028,1002554,SBIN
25 November 2019,330,337,328.5,336.100006,327.91095,1065570,SBIN
26 November 2019,337.549988,340,332.549988,335.450012,327.276794,1207480,SBIN
27 November 2019,336.5,345.450012,334,343.600006,335.22821,1403398,SBIN
28 November 2019,346.399994,351,344.5,348.950012,340.447876,1856999,SBIN
29 November 2019,348.299988,348.799988,340.700012,341.850006,333.520874,1626267,SBIN
02 December 2019,343.350006,344.049988,336.200012,338.549988,330.301239,957734,SBIN
03 December 2019,340.200012,342.75,333.5,336.200012,328.008514,1004987,SBIN
04 December 2019,335.25,342.950012,331.899994,341.899994,333.569641,1135521,SBIN
05 December 2019,343,344.350006,335.049988,336.25,328.057312,1570054,SBIN
06 December 2019,338.5,338.5,318,319.799988,312.008087,1895826,SBIN
09 December 2019,320,327.5,314.799988,316.75,309.03241,2600500,SBIN
10 December 2019,317.75,322.5,312.299988,313.450012,305.812805,2023582,SBIN
11 December 2019,311.75,315.600006,308.100006,312.700012,305.081116,2236411,SBIN
12 December 2019,315,322.799988,313.799988,321.799988,313.959351,1340601,SBIN
13 December 2019,325,333.549988,324.850006,332.700012,324.593811,1901460,SBIN
16 December 2019,336.399994,337.299988,330.899994,331.799988,323.715698,1506398,SBIN
17 December 2019,333.5,335.649994,330.75,332.850006,324.740112,1000883,SBIN
18 December 2019,333.299988,335.5,325.899994,326.899994,318.935089,1025655,SBIN
19 December 2019,327,329.549988,324.649994,328.149994,320.154633,920858,SBIN
20 December 2019,328,339.549988,328,337.850006,329.618286,1665792,SBIN
23 December 2019,336.700012,338.700012,330.399994,332.350006,324.252319,965584,SBIN
24 December 2019,332.700012,334.200012,329.25,331.299988,323.227875,750326,SBIN
26 December 2019,333,333.200012,328.049988,329.850006,321.813232,660165,SBIN
27 December 2019,333.600006,338.299988,333.049988,337.25,329.032898,1249101,SBIN
30 December 2019,337.799988,337.899994,332.450012,334.25,326.106018,860732,SBIN
31 December 2019,334.899994,336.299988,332.600006,333.700012,325.569427,744106,SBIN
01 January 2020,334.5,335.850006,332.25,334.350006,326.203613,616224,SBIN
02 January 2020,334.850006,339.850006,333.399994,339.299988,331.032959,882070,SBIN
03 January 2020,338,338,332.100006,333.75,325.618225,761014,SBIN
06 January 2020,332,332,317.899994,318.950012,311.178833,1422311,SBIN
07 January 2020,324,327,315.549988,318.25,310.49585,1798194,SBIN
08 January 2020,312.700012,321.399994,311,319.850006,312.056885,1603305,SBIN
09 January 2020,325.299988,331.299988,325,330.25,322.203491,1392636,SBIN
10 January 2020,330,337.75,328.25,332.25,324.154724,1463797,SBIN
13 January 2020,333.950012,335.25,328.850006,330.600006,322.544983,948922,SBIN
14 January 2020,330.600006,331.75,326.5,327.899994,319.910736,742279,SBIN
15 January 2020,329.399994,329.649994,322.399994,324.200012,316.300903,918098,SBIN
16 January 2020,325.5,326.799988,322.350006,323.25,315.374023,893525,SBIN
17 January 2020,314.299988,323.5,310.649994,318,310.251953,1713459,SBIN
20 January 2020,320.700012,321.450012,313.450012,313.950012,306.300659,977739,SBIN
21 January 2020,313.950012,316.799988,312.100006,313.649994,306.007935,2880532,SBIN
22 January 2020,316.600006,317.399994,313.700012,316.100006,308.398254,851872,SBIN
23 January 2020,316.100006,324.75,314.200012,323.25,315.374023,1434352,SBIN
24 January 2020,323.25,327.299988,321.25,324.049988,316.154541,782798,SBIN
27 January 2020,321.700012,321.899994,315.75,316.200012,308.495819,838880,SBIN
28 January 2020,318.100006,320.049988,311.100006,314.850006,307.178711,937023,SBIN
29 January 2020,317.200012,319.700012,315.700012,316.399994,308.690918,738045,SBIN
30 January 2020,317.799988,317.799988,305.700012,310.700012,303.129822,1328763,SBIN
31 January 2020,313.649994,321.600006,308.700012,318.549988,310.788544,3580409,SBIN
03 February 2020,303,306.700012,295.5,298,290.739258,1857988,SBIN
04 February 2020,303.299988,307.350006,297.200012,306.25,298.788239,1867236,SBIN
05 February 2020,307,313.5,304.799988,310.950012,303.373718,1183560,SBIN
06 February 2020,311.049988,323.600006,310.25,322,314.15448,2423666,SBIN
07 February 2020,321.950012,325,318.299988,320.5,312.69104,1414872,SBIN
10 February 2020,320,322.799988,316.75,318.5,310.739746,863942,SBIN
11 February 2020,321.399994,325.700012,320.899994,324.350006,316.447235,884500,SBIN
12 February 2020,329.100006,330,319.25,320,312.203247,1330547,SBIN
13 February 2020,321.600006,330.850006,321.600006,327.450012,319.47171,1971534,SBIN
14 February 2020,327.100006,331.899994,318.5,319.549988,311.76416,1744424,SBIN
17 February 2020,320.100006,321.399994,311.649994,314.200012,306.544556,1315256,SBIN
18 February 2020,315.899994,319,309.5,317.600006,309.861694,1471316,SBIN
19 February 2020,321.700012,323.950012,317.299988,320.25,312.447144,1272350,SBIN
20 February 2020,320,329,318.950012,327.649994,319.666809,1449011,SBIN
24 February 2020,325.950012,331.200012,321.950012,322.899994,315.032562,1582310,SBIN
25 February 2020,325.25,328,322.200012,326.600006,318.642395,1294432,SBIN
26 February 2020,325,330.700012,324.350006,328.25,320.252197,1431670,SBIN
27 February 2020,328.25,330,318.049988,321.950012,314.105713,1439722,SBIN
28 February 2020,313,314.700012,301.200012,302.899994,295.519836,2380015,SBIN
02 March 2020,310.200012,311.950012,284.049988,287.450012,280.44632,3256537,SBIN
03 March 2020,293.600006,294.299988,285.299988,289.850006,282.787842,2193574,SBIN
04 March 2020,292.399994,293,275.049988,285.299988,278.348663,2709893,SBIN
05 March 2020,292,298.25,270.100006,288.299988,281.275574,5616795,SBIN
06 March 2020,269,274.350006,257.350006,270.450012,263.860504,3269295,SBIN
09 March 2020,270.450012,270.450012,270.450012,270.450012,263.860504,0,SBIN
11 March 2020,253.75,258.450012,243.100006,245.199997,239.225708,4067938,SBIN
12 March 2020,232.699997,232.699997,208.800003,212.75,207.56636,4797165,SBIN
13 March 2020,200.699997,248.949997,184.25,242.25,236.347595,7737989,SBIN
16 March 2020,230,231.350006,220.649994,223.25,217.810516,3538109,SBIN
17 March 2020,226.050003,229.800003,212.25,214.899994,209.663971,3410327,SBIN
18 March 2020,220.850006,223.800003,200.100006,214.649994,209.420059,5171714,SBIN
19 March 2020,203.800003,219.449997,198.199997,203.850006,198.883209,6592083,SBIN
20 March 2020,205.449997,215.600006,200.100006,209.649994,204.541885,3928083,SBIN
23 March 2020,200,200,180.350006,181.600006,177.175323,3925056,SBIN
24 March 2020,192.5,192.5,173.600006,183.350006,178.88269,4545274,SBIN
25 March 2020,179.699997,195.199997,176.399994,189.949997,185.321869,3639108,SBIN
26 March 2020,191.649994,201,185.199997,192.850006,188.15123,6049159,SBIN
27 March 2020,199,211.649994,195,196.050003,191.273254,6482084,SBIN
30 March 2020,191.800003,195,185.5,186.949997,182.394974,2419781,SBIN
31 March 2020,192.899994,198.5,188.100006,196.949997,192.151321,2918556,SBIN
01 April 2020,195.5,195.5,185.300003,186.600006,182.053513,2480900,SBIN
03 April 2020,187.5,188,175,175.550003,171.272736,3410477,SBIN
07 April 2020,184.800003,187.199997,177.649994,186.350006,181.809601,3608366,SBIN
08 April 2020,183.449997,194.5,180.800003,182.899994,178.443649,3804368,SBIN
09 April 2020,187.75,190,183.75,187.699997,183.126694,2979988,SBIN
13 April 2020,187.649994,188.850006,183.100006,183.550003,179.07782,2181525,SBIN
15 April 2020,187.449997,191.899994,180.25,182.300003,177.858276,3427072,SBIN
16 April 2020,182.300003,189.800003,180.300003,188.600006,184.004776,2923051,SBIN
17 April 2020,195.050003,198,186.399994,193.300003,188.590271,4596208,SBIN
20 April 2020,194.399994,197.300003,190.100006,192.550003,187.858521,3386549,SBIN
21 April 2020,188.949997,188.949997,183,184.899994,180.394913,2858972,SBIN
22 April 2020,185.100006,189.5,181.399994,188.600006,184.004776,3433220,SBIN
23 April 2020,188.25,189.899994,185.25,186.800003,182.248627,3408851,SBIN
24 April 2020,184.5,184.5,179,179.699997,175.321625,4049624,SBIN
27 April 2020,182.899994,183.5,180.5,180.850006,176.443604,1826256,SBIN
28 April 2020,181.600006,185.199997,181.300003,184.300003,179.80954,2078231,SBIN
29 April 2020,185.300003,191.699997,183.800003,190,185.370667,2679334,SBIN
30 April 2020,194,195.75,189.800003,190.399994,185.76091,2845074,SBIN
04 May 2020,184.699997,184.699997,178,178.800003,174.443542,3893150,SBIN
05 May 2020,181.399994,181.800003,168.850006,170.5,166.345764,4880237,SBIN
06 May 2020,171.449997,173.350006,166.550003,171.050003,166.882385,4496935,SBIN
07 May 2020,171.25,172.699997,167.199997,170.699997,166.540894,1969788,SBIN
08 May 2020,173,173.600006,166.149994,166.699997,162.638367,3593054,SBIN
11 May 2020,169,169,165,165.449997,161.418823,2884960,SBIN
12 May 2020,164.800003,168.449997,160.899994,166.699997,162.638367,3795172,SBIN
13 May 2020,178.899994,178.899994,170.5,174.100006,169.858063,3865421,SBIN
14 May 2020,171.5,171.800003,167.550003,167.949997,163.85791,2594684,SBIN
15 May 2020,167.949997,168.699997,164.75,166.399994,162.345673,1795879,SBIN
18 May 2020,166.800003,166.800003,155,155.399994,151.613678,3753668,SBIN
19 May 2020,157.899994,157.899994,152.5,152.850006,149.125824,3782111,SBIN
20 May 2020,153.350006,155.149994,151.199997,153.449997,149.711197,3367090,SBIN
21 May 2020,153.600006,156.199997,151.600006,151.949997,148.247742,2922038,SBIN
22 May 2020,152.899994,155.600006,149.550003,150.850006,147.174561,5609931,SBIN
26 May 2020,153,153.300003,150.300003,151.399994,147.711136,3441167,SBIN
27 May 2020,152,160.800003,150.75,158.600006,154.735718,3610636,SBIN
28 May 2020,159.899994,162.449997,156.800003,158.300003,154.443024,4928633,SBIN
29 May 2020,156,161.850006,155.399994,160.300003,156.394302,8809780,SBIN
01 June 2020,164,171.25,163.449997,170.050003,165.906738,5423451,SBIN
02 June 2020,170.300003,171.25,167.25,170.25,166.101868,4434379,SBIN
03 June 2020,172.050003,179.899994,172.050003,174.850006,170.589798,5534474,SBIN
04 June 2020,175,177.600006,171.550003,174.050003,169.809296,3766966,SBIN
05 June 2020,176.850006,189.800003,176,187.800003,183.224274,10714152,SBIN
08 June 2020,197.699997,197.699997,185.800003,186.800003,182.248627,7040658,SBIN
09 June 2020,189,190.949997,183.5,184.449997,179.955887,4684935,SBIN
10 June 2020,185.149994,189,183.899994,187.800003,183.224274,3028053,SBIN
11 June 2020,188.149994,190.350006,176.399994,177.199997,172.882538,4351401,SBIN
12 June 2020,170.699997,180.100006,170,179.25,174.882584,5468766,SBIN
15 June 2020,178,178,172,174.050003,169.809296,3319363,SBIN
16 June 2020,177.600006,178.800003,169.5,172.850006,168.638519,5370198,SBIN
17 June 2020,171.850006,176.199997,169.25,173,168.784866,3732953,SBIN
18 June 2020,172.600006,180.5,171.199997,179.699997,175.321625,6702036,SBIN
19 June 2020,180,184.850006,179.5,184.449997,179.955887,7052642,SBIN
22 June 2020,185,191.699997,184.600006,187.75,183.175476,5823394,SBIN
23 June 2020,189.699997,193,187.75,192.449997,187.760956,7069133,SBIN
24 June 2020,193.649994,194.800003,183.949997,184.600006,180.102234,3879718,SBIN
25 June 2020,182,186.800003,180.399994,185.25,180.736389,3286552,SBIN
26 June 2020,187.899994,188.600006,183.75,184.600006,180.102234,4110491,SBIN
29 June 2020,183.600006,183.600006,178.550003,179.300003,174.931366,2342711,SBIN
30 June 2020,181.25,182.800003,177.25,178.399994,174.053284,3009986,SBIN
01 July 2020,179.699997,185.399994,178.850006,184.800003,180.297363,2367244,SBIN
02 July 2020,185.449997,188,184.050003,185.449997,180.931519,2055364,SBIN
03 July 2020,186.5,187.050003,183.449997,184.75,180.248566,1998082,SBIN
06 July 2020,185.600006,189.75,185.600006,188.050003,183.46817,4818914,SBIN
07 July 2020,187.75,189.100006,184.050003,188.550003,183.955994,2944832,SBIN
08 July 2020,188.550003,197.399994,188.550003,191.949997,187.273148,7067524,SBIN
09 July 2020,192.5,200.899994,192.5,199.100006,194.248947,6589966,SBIN
10 July 2020,198,202.5,195,195.649994,190.882996,5146539,SBIN
13 July 2020,198.300003,199.75,191.649994,192.600006,187.907318,4530405,SBIN
14 July 2020,192.5,192.5,184.649994,186.100006,181.565689,2646160,SBIN
15 July 2020,188.5,190,183,183.850006,179.370514,4007831,SBIN
16 July 2020,185,186.899994,181.600006,186.199997,181.663239,3327072,SBIN
17 July 2020,186.600006,189.5,185,188.300003,183.712097,2276811,SBIN
20 July 2020,190,193.100006,188.699997,190.649994,186.004822,3615996,SBIN
21 July 2020,192.149994,196.199997,191.550003,194.350006,189.614685,2873043,SBIN
22 July 2020,195.149994,196.600006,190.050003,192,187.32193,3019292,SBIN
23 July 2020,193,199,191.25,198.300003,193.468445,3132180,SBIN
24 July 2020,195.350006,196.350006,190.699997,191.899994,187.224365,3518718,SBIN
27 July 2020,193.350006,193.350006,186.600006,187.149994,182.590103,2330295,SBIN
28 July 2020,188,190.5,185.800003,189.449997,184.834061,2024779,SBIN
29 July 2020,187.800003,195.199997,187.050003,191.199997,186.541412,3007739,SBIN
30 July 2020,192,193.5,186.050003,186.550003,182.00473,2121883,SBIN
31 July 2020,188.100006,194.899994,186.850006,191.449997,186.785339,6250526,SBIN
03 August 2020,194,194.5,190.149994,192.100006,187.419495,3185200,SBIN
04 August 2020,192.699997,193.850006,190.5,191.649994,186.980453,1938112,SBIN
05 August 2020,192.350006,196.850006,191.050003,191.5,186.834106,5823357,SBIN
06 August 2020,192.550003,194.399994,190.350006,190.949997,186.297516,3957035,SBIN
07 August 2020,191.800003,192.050003,189.600006,190.649994,186.004822,1790261,SBIN
10 August 2020,191.75,195.399994,191.550003,193.800003,189.078064,2556045,SBIN
11 August 2020,195.399994,196.800003,193.600006,195.100006,190.346405,2072849,SBIN
12 August 2020,196.100006,204.25,194.600006,203.350006,198.395386,10970788,SBIN
13 August 2020,205.5,207.399994,200.75,201.850006,196.931946,4484502,SBIN
14 August 2020,203,204,194.649994,196.449997,191.663513,3385513,SBIN
17 August 2020,198.600006,198.699997,191.5,193.050003,188.346344,2340139,SBIN
18 August 2020,193.300003,195.75,191.800003,195.100006,190.346405,1997011,SBIN
19 August 2020,196,200.199997,196,197.100006,192.297668,2314996,SBIN
20 August 2020,194.050003,196.300003,193,194.699997,189.956146,2750996,SBIN
21 August 2020,198,201.5,197.5,198.350006,193.517212,2789851,SBIN
24 August 2020,200.25,202.75,198.699997,201.399994,196.492889,2098220,SBIN
25 August 2020,204,208.5,203,208,202.932098,5038003,SBIN
26 August 2020,208,210.350006,206.050003,209.850006,204.73703,4326815,SBIN
27 August 2020,210.100006,216.600006,210.100006,215.75,210.493256,3681137,SBIN
28 August 2020,216.5,225.899994,216.5,224.850006,219.371552,6095877,SBIN
31 August 2020,231.149994,232,210.350006,212.149994,206.980972,5392489,SBIN
01 September 2020,212.149994,218.899994,211.600006,218.100006,212.786011,4764399,SBIN
02 September 2020,218.399994,219,212.399994,216.199997,210.932297,1596995,SBIN
03 September 2020,217.800003,218.149994,212.399994,213.149994,207.956604,1237258,SBIN
04 September 2020,209.350006,212.300003,205.850006,206.649994,201.614975,3073929,SBIN
07 September 2020,206.199997,209.550003,205.399994,207.899994,202.834518,2538706,SBIN
08 September 2020,207.899994,209.449997,203,204,199.029541,1253472,SBIN
09 September 2020,200.550003,202,192.699997,194.899994,190.15126,2666924,SBIN
10 September 2020,197.899994,201.399994,195.25,198.149994,193.322083,4073948,SBIN
11 September 2020,198.300003,203.800003,197,202.699997,197.76123,2162995,SBIN
14 September 2020,206.199997,206.199997,197.5,198.550003,193.712341,2207845,SBIN
15 September 2020,199.649994,201,197.149994,200.149994,195.273346,2770830,SBIN
16 September 2020,199.899994,200,196.300003,198.25,193.419647,1817103,SBIN
17 September 2020,197,198,195.050003,195.5,190.736664,2136423,SBIN
18 September 2020,195.75,197.149994,189.949997,192.600006,187.907318,3399860,SBIN
21 September 2020,193,193.5,184.300003,185.800003,181.27301,4120225,SBIN
22 September 2020,186,188.25,181.199997,186.149994,181.614456,2279091,SBIN
23 September 2020,188.800003,188.800003,181,183.800003,179.321716,1726374,SBIN
24 September 2020,181.149994,181.449997,175.550003,176.449997,172.150803,1696978,SBIN
25 September 2020,179.050003,182.75,176.25,182.199997,177.760712,3469104,SBIN
28 September 2020,184.25,188,183.600006,187.300003,182.73645,1418789,SBIN
29 September 2020,188.600006,188.949997,183.300003,185,180.492493,2247673,SBIN
30 September 2020,185,186.800003,182.399994,185.399994,180.882736,1481029,SBIN
01 October 2020,187.699997,191.100006,187,190.350006,185.712143,1732791,SBIN
05 October 2020,191.800003,193.699997,187.100006,188.75,184.151123,2818550,SBIN
06 October 2020,190.550003,192.100006,188.300003,191.600006,186.931686,1158964,SBIN
07 October 2020,192.800003,193,189.100006,190.649994,186.004822,1314395,SBIN
08 October 2020,191.550003,195.699997,190.600006,191.5,186.834106,1779378,SBIN
09 October 2020,191.5,198.699997,190.600006,198.25,193.419647,2362957,SBIN
12 October 2020,200.050003,205.850006,197.25,198.649994,193.809906,2627770,SBIN
13 October 2020,198.699997,200,194.5,195.649994,190.882996,1874087,SBIN
14 October 2020,194.050003,200.899994,193.050003,200.050003,195.175797,1386548,SBIN
15 October 2020,200.949997,202.5,192,192.850006,188.15123,3663733,SBIN
16 October 2020,194.800003,196.649994,191.699997,195.800003,191.029358,1654948,SBIN
19 October 2020,196.5,204.699997,196.449997,204.050003,199.078339,2156419,SBIN
20 October 2020,200,204.399994,200,203,198.053925,2855726,SBIN
21 October 2020,204.949997,207.350006,198.949997,203.850006,198.883209,2970758,SBIN
22 October 2020,201.800003,204.550003,201.050003,203.300003,198.346619,2021750,SBIN
23 October 2020,203.800003,205.649994,201.550003,202.75,197.809998,1175440,SBIN
26 October 2020,202.100006,204.050003,195.699997,196.75,191.956207,1682983,SBIN
27 October 2020,196.25,197.5,192.350006,194.600006,189.858582,2166319,SBIN
28 October 2020,195.300003,195.300003,189.050003,190.5,185.85849,2671270,SBIN
29 October 2020,189.100006,190.75,186,188.800003,184.19989,2430067,SBIN
30 October 2020,189.5,191.899994,186.25,189.25,184.638947,2520183,SBIN
02 November 2020,192.449997,197.199997,190.050003,196,191.224472,1847654,SBIN
03 November 2020,198.300003,205.75,197.75,204.75,199.761292,2779730,SBIN
04 November 2020,204.399994,209,198.100006,207.050003,202.005249,5225212,SBIN
05 November 2020,214.5,220.949997,214.5,218.699997,213.371384,12147694,SBIN
06 November 2020,219,221.800003,217.050003,219.050003,213.71286,5730486,SBIN
09 November 2020,221.149994,222.75,217.050003,219.5,214.151886,2275379,SBIN
10 November 2020,222.350006,234.949997,222.350006,231.699997,226.054642,5550816,SBIN
11 November 2020,232.899994,239.300003,227.850006,234.199997,228.493729,4531715,SBIN
12 November 2020,232.100006,233.199997,225.75,226.800003,221.274048,2048545,SBIN
13 November 2020,225.5,230.649994,220.149994,229.550003,223.957031,3386679,SBIN
14 November 2020,232.399994,232.949997,227.699997,229.649994,224.054581,628809,SBIN
17 November 2020,231.949997,241.5,231.100006,240.199997,234.347534,5570949,SBIN
18 November 2020,240,252.899994,238.050003,252.050003,245.908813,4947827,SBIN
19 November 2020,247.5,251.75,239,239.75,233.908508,5483543,SBIN
20 November 2020,241.199997,245.399994,234,242.800003,236.884186,3775748,SBIN
23 November 2020,243.199997,246.100006,238.050003,238.699997,232.884094,3705630,SBIN
24 November 2020,240.899994,245,239.449997,243.850006,237.908615,2958818,SBIN
25 November 2020,244.199997,249.800003,241.649994,243.149994,237.225662,3557909,SBIN
26 November 2020,244.399994,246.100006,240.300003,245.449997,239.46962,2935543,SBIN
27 November 2020,246,246,242,244.300003,238.347656,2470768,SBIN
01 December 2020,244.800003,248.899994,244.25,248.050003,242.006287,2940787,SBIN
02 December 2020,248.649994,250.800003,244.100006,246.800003,240.786743,3139106,SBIN
03 December 2020,249,259,248.050003,256.350006,250.104065,4348434,SBIN
04 December 2020,256.5,264.200012,253.75,263.450012,257.031067,4913756,SBIN
07 December 2020,263.450012,271.350006,263.100006,269.700012,263.128784,3212445,SBIN
08 December 2020,270.350006,273.649994,265.200012,271.950012,265.323975,4336216,SBIN
09 December 2020,272,274.850006,269.25,270.350006,263.762939,3102170,SBIN
10 December 2020,269.450012,270.799988,265.549988,269.600006,263.031219,1757355,SBIN
11 December 2020,270,276.149994,270,272.450012,265.811768,3745846,SBIN
14 December 2020,273.399994,276.299988,272.450012,274.25,267.567932,1377776,SBIN
15 December 2020,274.25,274.25,268.299988,270.600006,264.006836,1833421,SBIN
16 December 2020,272.200012,273.549988,268.549988,269.450012,262.884888,1152799,SBIN
17 December 2020,270.399994,272.100006,266.799988,267.600006,261.079956,5563140,SBIN
18 December 2020,267.700012,271.899994,264.899994,271.399994,264.787354,1044431,SBIN
21 December 2020,267.299988,269,251.100006,254.600006,248.396698,2450581,SBIN
22 December 2020,254,258.549988,248.149994,257.549988,251.274796,1799859,SBIN
23 December 2020,257.600006,263.850006,255.5,263.049988,256.640778,1610796,SBIN
24 December 2020,264.600006,268.799988,264.600006,266.75,260.250671,2008059,SBIN
28 December 2020,268.25,275.850006,268.25,275.149994,268.445984,1468835,SBIN
29 December 2020,276.200012,279.75,274.700012,277.899994,271.128967,2116003,SBIN
30 December 2020,277.850006,278.5,272.600006,276.850006,270.104553,1535034,SBIN
31 December 2020,275,277.25,272.549988,274.75,268.055725,1025892,SBIN
01 January 2021,275,280,274.600006,279.350006,272.54364,1108133,SBIN
04 January 2021,281.200012,283.850006,277.950012,281.049988,274.202209,1372085,SBIN
05 January 2021,278.700012,282.399994,277.100006,281.75,274.885193,1142427,SBIN
06 January 2021,283.450012,289.049988,281.399994,284.899994,277.958435,1726384,SBIN
07 January 2021,289.299988,291.799988,287,287.75,280.739014,2099771,SBIN
08 January 2021,289.5,291.450012,285.100006,286,279.031616,3926496,SBIN
11 January 2021,287.700012,287.700012,279.549988,282.350006,275.470581,4073742,SBIN
12 January 2021,280.450012,293.75,278.049988,292.649994,285.519592,1746594,SBIN
13 January 2021,295.399994,308.049988,294.600006,306.700012,299.227295,5580280,SBIN
14 January 2021,306.700012,309.25,303.799988,307.200012,299.715088,2019376,SBIN
15 January 2021,307.399994,310.799988,301.5,303.799988,296.397919,1961492,SBIN
18 January 2021,303.25,308.649994,292.200012,294.100006,286.934265,1927984,SBIN
19 January 2021,297.700012,302.5,296.350006,298.600006,291.324646,1824652,SBIN
20 January 2021,299.75,304.600006,296.899994,302.549988,295.178375,1218399,SBIN
21 January 2021,304.25,305.25,291.700012,294.950012,287.76358,1631609,SBIN
22 January 2021,296,298,282.399994,283.75,276.836426,3012844,SBIN
25 January 2021,284.450012,288.100006,277,280.899994,274.055878,2211836,SBIN
27 January 2021,280.899994,284.75,272.75,275.600006,268.88501,1657278,SBIN
28 January 2021,275.600006,283.350006,269.549988,282.399994,275.519348,3304951,SBIN
29 January 2021,285.100006,290.5,279.049988,282.049988,275.177856,2649885,SBIN
01 February 2021,284.549988,315,282.75,311.100006,303.520081,4188552,SBIN
02 February 2021,314.700012,337.399994,314.700012,333.200012,325.081604,7705951,SBIN
03 February 2021,333.649994,339.799988,325.649994,335.850006,327.667053,4339530,SBIN
04 February 2021,335,358,331.299988,355.100006,346.447998,6525979,SBIN
05 February 2021,386,408.350006,385.200012,393.049988,383.473358,10611010,SBIN
08 February 2021,398.950012,407.75,394.649994,396.850006,387.180786,4342929,SBIN
09 February 2021,397.399994,403.450012,389.100006,394.700012,385.083191,2962547,SBIN
10 February 2021,394.700012,397.75,388,392.049988,382.497711,2172808,SBIN
11 February 2021,392.049988,396.899994,388.25,390.149994,380.644012,1639684,SBIN
12 February 2021,390.899994,399.350006,385.600006,393.200012,383.61972,2893519,SBIN
15 February 2021,397.350006,409.399994,395.649994,407.049988,397.132233,5056823,SBIN
16 February 2021,411.700012,415.799988,400.350006,402.299988,392.497986,4688838,SBIN
17 February 2021,403.799988,414.850006,400.149994,411.899994,401.864075,3702956,SBIN
18 February 2021,423.5,426.450012,413.700012,415,404.88855,4282027,SBIN
19 February 2021,415.049988,415.200012,395,399.350006,389.619873,2522526,SBIN
22 February 2021,401,401,385.600006,389.549988,380.058624,2153806,SBIN
23 February 2021,392,399.649994,389,395.649994,386.01001,2983180,SBIN
24 February 2021,396.649994,415,395.200012,407.549988,397.620056,8872518,SBIN
25 February 2021,411,414.899994,406.600006,407.25,397.327393,3106526,SBIN
26 February 2021,400.399994,401.049988,387,390.200012,380.69281,3380726,SBIN
01 March 2021,395.799988,397.700012,391,395,385.375854,2734816,SBIN
02 March 2021,395.700012,399.5,390.600006,393.950012,384.35144,2814051,SBIN
03 March 2021,396.700012,408.899994,395.600006,405.049988,395.180969,3181847,SBIN
04 March 2021,399.799988,403.450012,394.600006,395.799988,386.156342,2821990,SBIN
05 March 2021,395,395,378.200012,383.799988,374.44873,4755324,SBIN
08 March 2021,388.600006,393.399994,386.399994,389.549988,380.058624,2954060,SBIN
09 March 2021,393.049988,394.799988,382.350006,387.5,378.058594,1339692,SBIN
10 March 2021,391.399994,392.799988,385.700012,387.5,378.058594,1707269,SBIN
12 March 2021,391.049988,393.149994,377.5,381.200012,371.912109,2095957,SBIN
15 March 2021,382,385.899994,369.299988,383.700012,374.351196,3143476,SBIN
16 March 2021,385.799988,387.5,376.149994,378.450012,369.229095,1798655,SBIN
17 March 2021,378.399994,379.600006,366,368.049988,359.082458,1301487,SBIN
18 March 2021,370.899994,375,361.100006,366.600006,357.667816,1568523,SBIN
19 March 2021,363.350006,372.799988,357.350006,371.100006,362.058167,2274732,SBIN
22 March 2021,372.700012,372.700012,363.5,367.049988,358.106842,1197955,SBIN
23 March 2021,368.700012,377.700012,367.100006,372.5,363.424072,3425811,SBIN
24 March 2021,368.899994,369.200012,358.600006,359.899994,351.131042,1662784,SBIN
25 March 2021,359.899994,360.799988,345,355.149994,346.496765,4039244,SBIN
26 March 2021,360,362,354.700012,357.100006,348.399292,1648561,SBIN
30 March 2021,360.649994,364.200012,356.350006,361.100006,352.301819,1544258,SBIN
31 March 2021,361.100006,367.899994,358.200012,364.350006,355.472656,2608055,SBIN
01 April 2021,366.649994,371.799988,363,370.549988,361.521545,1939410,SBIN
05 April 2021,366,368.950012,349.100006,353.649994,345.033325,3261535,SBIN
06 April 2021,355,357,349.299988,350.549988,342.00885,2255552,SBIN
07 April 2021,351,363.200012,347.899994,358.450012,349.7164,2318862,SBIN
08 April 2021,361.100006,363.450012,354.350006,355.600006,346.935852,2298645,SBIN
09 April 2021,355,364.5,351.100006,353.049988,344.447937,2032207,SBIN
12 April 2021,344,344.649994,322.549988,328.799988,320.788788,5872031,SBIN
13 April 2021,331,342.25,330.649994,340.950012,332.642792,2107512,SBIN
15 April 2021,341.200012,347.600006,335.850006,342.399994,334.057434,3576685,SBIN
16 April 2021,343.700012,345.450012,338.700012,339.899994,331.618347,2949986,SBIN
19 April 2021,328,332.149994,321.149994,331.25,323.179138,2375620,SBIN
20 April 2021,335,339.799988,326.549988,329.600006,321.569336,2784525,SBIN
22 April 2021,324.5,337.350006,323.799988,336.600006,328.398743,3308502,SBIN
23 April 2021,332,339.950012,331.5,336.450012,328.252441,2056875,SBIN
26 April 2021,338.149994,347.200012,338.149994,344.350006,335.959961,3355835,SBIN
27 April 2021,344.850006,354.799988,342.950012,352.899994,344.301605,3737338,SBIN
28 April 2021,355.450012,364.200012,355.450012,363.299988,354.448212,3348589,SBIN
29 April 2021,365.700012,369.899994,355.450012,359.25,350.496887,4703255,SBIN
30 April 2021,355,362.450012,350.549988,353.450012,344.838226,3335513,SBIN
03 May 2021,350,352.350006,341.700012,350.450012,341.911316,2636599,SBIN
04 May 2021,355,362.75,350.200012,351.600006,343.033295,2939675,SBIN
05 May 2021,356.899994,357.600006,348,355.350006,346.691925,2923596,SBIN
06 May 2021,357.850006,359.399994,350.5,355.5,346.838257,2161771,SBIN
07 May 2021,356.100006,362.149994,353.049988,358.200012,349.472473,1531067,SBIN
10 May 2021,360,367,359,361.799988,352.984741,2555563,SBIN
11 May 2021,356.5,366.25,354.649994,364.450012,355.57019,3107271,SBIN
12 May 2021,363.700012,373.399994,362,367.850006,358.88739,3505968,SBIN
14 May 2021,370.5,372.600006,359.600006,360.5,351.716431,3228608,SBIN
17 May 2021,363.850006,385.5,363.850006,383.399994,374.058472,8745463,SBIN
18 May 2021,389,392.5,380,382.350006,373.034058,5210220,SBIN
19 May 2021,382.5,389.5,381,384.25,374.887756,4267872,SBIN
20 May 2021,387.799988,388,382,384.549988,375.18045,1887433,SBIN
21 May 2021,390.450012,404.399994,378.100006,401.100006,391.327209,9416849,SBIN
24 May 2021,417.149994,418.899994,405.299988,412.049988,402.010406,6879567,SBIN
25 May 2021,414.5,415.799988,408.450012,412.25,402.205566,2794577,SBIN
26 May 2021,414.100006,418.700012,410.850006,413.549988,403.473877,2942741,SBIN
27 May 2021,414,428.950012,412,425.299988,414.937592,3154678,SBIN
28 May 2021,429.700012,433.600006,420,422.049988,411.766754,4506252,SBIN
31 May 2021,421.799988,426,418,424.25,413.913177,1965311,SBIN
01 June 2021,426.399994,435.200012,425.350006,432.600006,422.059753,3328821,SBIN
02 June 2021,431.850006,437.899994,429,437.200012,426.547668,2580545,SBIN
03 June 2021,437.399994,442,433.5,439.649994,432.89859,1776953,SBIN
04 June 2021,437.5,441.850006,431.700012,433.600006,426.941528,1618456,SBIN
07 June 2021,435.450012,437.350006,430.549988,432.399994,425.759918,996934,SBIN
08 June 2021,432.5,432.5,423.799988,427.149994,420.590546,1995333,SBIN
09 June 2021,428,432.299988,418.149994,421.450012,414.978088,1375395,SBIN
10 June 2021,424.549988,433.299988,422.5,432.25,425.612244,1082322,SBIN
11 June 2021,435,435.5,425.25,429.549988,422.953674,1273286,SBIN
14 June 2021,427.399994,432.399994,416.799988,430.350006,423.741425,1310929,SBIN
15 June 2021,430,432.850006,428.350006,429.5,422.90448,711897,SBIN
16 June 2021,429.5,432.649994,425,425.950012,419.408997,821648,SBIN
17 June 2021,420.5,425.899994,416.700012,420.200012,413.747284,1133990,SBIN
18 June 2021,424.299988,424.299988,402.649994,412.799988,406.460907,2301956,SBIN
21 June 2021,406.950012,421,400.299988,419.549988,413.107239,1650018,SBIN
22 June 2021,423.25,426.299988,417.399994,418.75,412.31955,957968,SBIN
23 June 2021,420.899994,424.75,415,418.899994,412.467224,1885815,SBIN
24 June 2021,421.049988,422.700012,416.399994,417.100006,410.694885,1165768,SBIN
25 June 2021,420.049988,430.950012,418.850006,428.75,422.165985,1349402,SBIN
28 June 2021,431,433,424.549988,426.649994,420.098236,1228981,SBIN
29 June 2021,427.399994,429,420.75,421.5,415.027313,2536574,SBIN
30 June 2021,423.899994,425,418.399994,419.25,412.811859,1150665,SBIN
01 July 2021,420,423.5,417.25,420.399994,413.944214,1155524,SBIN
02 July 2021,421,425.399994,419.149994,424.549988,418.030457,735480,SBIN
05 July 2021,426.600006,434.399994,424.399994,432.700012,426.055328,1721996,SBIN
06 July 2021,432.149994,436.5,428.149994,429.649994,423.052155,2258713,SBIN
07 July 2021,429.899994,433.899994,427.549988,432.549988,425.907623,681203,SBIN
08 July 2021,433.200012,435.399994,422.100006,424.399994,417.882782,887493,SBIN
09 July 2021,424.850006,427.450012,421.149994,423.600006,417.095062,640939,SBIN
12 July 2021,427.25,430.299988,424.700012,427.5,420.935181,1385756,SBIN
13 July 2021,429.600006,431.600006,428.299988,429.149994,422.559845,961510,SBIN
14 July 2021,429.200012,432.200012,426.5,430.950012,424.332214,895065,SBIN
15 July 2021,432.049988,432.899994,429.799988,431.649994,425.021454,464402,SBIN
16 July 2021,431.700012,432.299988,427.75,430.200012,423.593719,504644,SBIN
19 July 2021,423.5,429.350006,420.25,427.700012,421.132111,1781263,SBIN
20 July 2021,426.200012,426.850006,419,420.799988,414.338043,814158,SBIN
22 July 2021,424.299988,426.700012,420.899994,422,415.519653,441258,SBIN
23 July 2021,423.399994,430,419.5,429.149994,422.559845,753824,SBIN
26 July 2021,428.75,428.75,422.5,423.299988,416.799652,671109,SBIN
27 July 2021,424.5,433.149994,424.049988,429.450012,422.855255,1375764,SBIN
28 July 2021,430.5,430.5,421,425.450012,418.916687,647349,SBIN
29 July 2021,425.5,443.75,425.5,441.75,434.966339,2141040,SBIN
30 July 2021,441.75,444.350006,430.75,431.700012,425.070709,2202999,SBIN
02 August 2021,435.399994,436.600006,431.850006,434.850006,428.172333,1172231,SBIN
03 August 2021,434.950012,447.799988,433.75,446.450012,439.594177,2095353,SBIN
04 August 2021,447.899994,467.299988,441.5,457.049988,450.031403,5851611,SBIN
05 August 2021,460.200012,462.600006,438.5,441.850006,435.064819,3082205,SBIN
06 August 2021,444.799988,447,434,435.649994,428.960022,1140087,SBIN
09 August 2021,438.899994,441.799988,431,433.399994,426.744568,874686,SBIN
10 August 2021,434.899994,436.399994,421.700012,426.399994,419.852081,1015030,SBIN
11 August 2021,429.149994,432.950012,423.149994,428,421.42749,1256503,SBIN
12 August 2021,430.399994,430.399994,424.899994,427.100006,420.541321,728877,SBIN
13 August 2021,428,432.149994,424.850006,431.350006,424.726074,1071640,SBIN
16 August 2021,430.549988,433.899994,424,424.850006,418.325867,924073,SBIN
17 August 2021,424.950012,425.899994,415.299988,421.350006,414.879639,937046,SBIN
18 August 2021,422.25,424.299988,418,419.850006,413.402649,582401,SBIN
20 August 2021,415.899994,417.299988,405.25,406.950012,400.700775,1549721,SBIN
23 August 2021,410.299988,412.899994,401.299988,409.299988,403.014648,1304589,SBIN
24 August 2021,410,418.799988,408.299988,417.549988,411.13797,610174,SBIN
25 August 2021,418.5,421.25,414.5,416.200012,409.808716,718145,SBIN
26 August 2021,415,415.799988,410,410.799988,404.491608,597448,SBIN
27 August 2021,410.75,414.5,407.5,412.350006,406.017822,784995,SBIN
30 August 2021,414.5,423.299988,413.75,422.700012,416.208893,674347,SBIN
31 August 2021,424.299988,427,418.700012,426,419.458221,667701,SBIN
01 September 2021,426.950012,432.5,425.399994,429.700012,423.10141,779955,SBIN
02 September 2021,431.700012,433.399994,427.700012,429.649994,423.052155,538671,SBIN
03 September 2021,431.399994,434.200012,428.299988,431.399994,424.775299,570467,SBIN
06 September 2021,431.5,433.75,430.149994,431.049988,424.430664,379495,SBIN
07 September 2021,432,432,425.200012,428.950012,422.362915,471095,SBIN
08 September 2021,429,435.299988,427.950012,431.450012,424.824524,660761,SBIN
09 September 2021,430.700012,433.649994,429.899994,432.200012,425.563019,603452,SBIN
13 September 2021,430.700012,433.799988,428.850006,432.75,426.104553,336299,SBIN
14 September 2021,435.049988,436.799988,432.25,433.049988,426.399933,336968,SBIN
15 September 2021,433.299988,445,431.549988,443.850006,437.034119,1880332,SBIN
16 September 2021,445.100006,465.899994,442.799988,463.649994,456.530029,1619636,SBIN
17 September 2021,468,471.850006,450.5,454.049988,447.077454,1741238,SBIN
20 September 2021,449.899994,453.450012,435.5,437.299988,430.584686,7500730,SBIN
21 September 2021,439.5,441.450012,432.700012,438.950012,432.209351,829404,SBIN
22 September 2021,439.399994,442.75,436.25,439,432.258575,1009951,SBIN
23 September 2021,442,451,442,449.799988,442.892731,2981829,SBIN
24 September 2021,450.899994,451.899994,440.049988,440.799988,434.030945,828337,SBIN
27 September 2021,444.100006,450.350006,442.450012,446.200012,439.348022,976555,SBIN
28 September 2021,449,455.700012,439.850006,445.100006,438.264923,1161343,SBIN
29 September 2021,441.350006,462.149994,439.049988,460.100006,453.034576,2230717,SBIN
30 September 2021,460,464.799988,451.549988,453.049988,446.092804,1699540,SBIN
01 October 2021,448.899994,455.5,444,451.75,444.812805,782190,SBIN
04 October 2021,453.200012,464.200012,452.399994,463.049988,455.93924,1260459,SBIN
05 October 2021,462,469,458.600006,464.649994,457.514679,575441,SBIN
06 October 2021,465.600006,471,453.799988,457.149994,450.129852,1550391,SBIN
07 October 2021,463,463.799988,457.149994,457.75,450.720642,361785,SBIN
08 October 2021,462.799988,464,454.299988,457.700012,450.671417,621573,SBIN
11 October 2021,461.899994,475,458.75,469.200012,461.994843,2624845,SBIN
12 October 2021,469.899994,484.450012,468.149994,483.100006,475.681366,1384526,SBIN
13 October 2021,486.899994,486.899994,478,481.600006,474.204407,1086483,SBIN
14 October 2021,482.399994,493.950012,482,490.5,482.967743,891894,SBIN
18 October 2021,494.399994,500.850006,491.700012,497.850006,490.204865,758057,SBIN
19 October 2021,500,504.100006,483.299988,488.450012,480.949219,770638,SBIN
20 October 2021,488.450012,507.350006,483.049988,499.950012,492.272614,3688585,SBIN
21 October 2021,503.5,506.799988,492,503.049988,495.325012,1267598,SBIN
22 October 2021,504,508.700012,500.049988,502.950012,495.226563,1187527,SBIN
25 October 2021,506.899994,515.549988,498,506.350006,498.574341,1961517,SBIN
26 October 2021,508,518.25,507.299988,512.599976,504.728333,830550,SBIN
27 October 2021,513,526.700012,512.150024,519.150024,511.177795,1415276,SBIN
28 October 2021,520.700012,520.700012,498,501.399994,493.700348,919093,SBIN
29 October 2021,501.700012,512.650024,488.399994,502.399994,494.684998,1568911,SBIN
01 November 2021,507.700012,516.650024,501.100006,515.549988,507.633057,1068948,SBIN
02 November 2021,515.549988,524.799988,512,521.700012,513.688599,1005299,SBIN
03 November 2021,524.900024,542.200012,515.400024,527.650024,519.547241,3590971,SBIN
04 November 2021,531.900024,536,528,530.450012,522.30426,425977,SBIN
08 November 2021,534.950012,534.950012,516.650024,523.150024,515.116394,1315335,SBIN
09 November 2021,526,532.099976,522.400024,529.200012,521.073486,787051,SBIN
10 November 2021,525,528.349976,521.599976,524.400024,516.347168,756785,SBIN
11 November 2021,523.299988,523.299988,507.149994,509.549988,501.725189,838804,SBIN
12 November 2021,512.650024,513.900024,502.950012,511.25,503.399078,799018,SBIN
15 November 2021,512.900024,515.900024,505.600006,506.700012,498.918976,619564,SBIN
16 November 2021,506.75,507,493.450012,495,487.398621,1132667,SBIN
17 November 2021,494.5,505.25,490.950012,498.149994,490.500244,802235,SBIN
18 November 2021,499.399994,506.049988,492.450012,503.950012,496.211212,912338,SBIN
22 November 2021,505.200012,506.049988,477.5,486.450012,478.97995,1913745,SBIN
23 November 2021,485.100006,495.299988,480,493.049988,485.478577,1193622,SBIN
24 November 2021,496.850006,500,489.100006,493.25,485.675507,560204,SBIN
25 November 2021,488.600006,495.450012,486.5,490.549988,483.016968,620391,SBIN
26 November 2021,486.75,487.600006,467.25,470.5,463.274872,1058798,SBIN
29 November 2021,469.799988,477,454.399994,464.649994,457.514679,1550087,SBIN
30 November 2021,468,477.25,458.149994,460.600006,453.526886,1297843,SBIN
01 December 2021,464.399994,477.200012,463.899994,475.299988,468.001129,1119158,SBIN
02 December 2021,475.200012,477.899994,471,477.049988,469.724274,620565,SBIN
03 December 2021,477.299988,481.5,470.149994,473.200012,465.933411,1115457,SBIN
06 December 2021,471,477,463.799988,465.350006,458.203949,995692,SBIN
07 December 2021,468.25,479.649994,468.25,476.649994,469.330414,880883,SBIN
08 December 2021,481.950012,492,480.450012,491.450012,483.903168,1381773,SBIN
09 December 2021,492.799988,493.399994,486.100006,488.600006,481.096924,549234,SBIN
10 December 2021,488.600006,496,484.350006,494.700012,487.103241,516296,SBIN
13 December 2021,498.200012,500.5,486.350006,487.649994,480.161499,493489,SBIN
14 December 2021,486.399994,490.25,481.75,488.549988,481.047668,428009,SBIN
15 December 2021,490.700012,490.950012,483.950012,484.899994,477.453735,484461,SBIN
16 December 2021,488.700012,490.649994,478.299988,481.200012,473.810547,551188,SBIN
17 December 2021,480.5,481,466.649994,467.75,460.567078,841124,SBIN
20 December 2021,459.899994,463.950012,443.049988,449.200012,442.301971,864331,SBIN
21 December 2021,454.549988,458.299988,444.649994,445.850006,439.003387,1037885,SBIN
22 December 2021,451.700012,457.350006,449.299988,455.799988,448.800598,411224,SBIN
23 December 2021,461.700012,465,457.899994,461.950012,454.856171,566285,SBIN
24 December 2021,463.450012,463.450012,452.200012,456.850006,449.834473,725349,SBIN
27 December 2021,454,460.5,450.75,458.049988,451.016022,431060,SBIN
28 December 2021,460.899994,462.700012,459.200012,460.950012,453.871521,358659,SBIN
29 December 2021,461.399994,462.100006,451.350006,454.25,447.274414,341372,SBIN
30 December 2021,453.299988,454.850006,448.600006,451.799988,444.862,570476,SBIN
31 December 2021,454.899994,461.399994,453.049988,460.450012,453.379211,759285,SBIN
03 January 2022,461,472,460,470.850006,463.619476,903996,SBIN
04 January 2022,473,484.5,470.899994,483.5,476.075226,1414630,SBIN
05 January 2022,482,494.950012,479.399994,492.200012,484.641632,1440504,SBIN
06 January 2022,486.5,494.350006,485.700012,491.75,484.198547,625841,SBIN
07 January 2022,492.600006,501.850006,489.5,491.299988,483.755432,1593547,SBIN
10 January 2022,492.100006,504.899994,492.100006,503.549988,495.817322,1396089,SBIN
11 January 2022,503,507.950012,499.350006,505.950012,498.180481,744196,SBIN
12 January 2022,510,513.5,508.350006,510.149994,502.315979,824367,SBIN
13 January 2022,510.5,512.799988,507.049988,511.299988,503.448303,429874,SBIN
14 January 2022,509.799988,510.299988,505.5,508.25,500.44516,299655,SBIN
17 January 2022,509,518.900024,508,514.049988,506.156067,584692,SBIN
18 January 2022,514.049988,517.400024,505,506.649994,498.86972,778697,SBIN
19 January 2022,506.75,517.5,500.450012,515.900024,507.977722,702233,SBIN
20 January 2022,515.349976,518.900024,508,511.549988,503.694458,823123,SBIN
21 January 2022,506.5,507.399994,498.049988,502.799988,495.078827,747603,SBIN
24 January 2022,502.100006,506.649994,488.049988,494.100006,486.512451,1283253,SBIN
25 January 2022,491.350006,517.549988,489.450012,514.849976,506.943787,921453,SBIN
27 January 2022,504.200012,531,503.549988,529,520.876526,2493441,SBIN
28 January 2022,534.099976,536.299988,521.200012,523.349976,515.313232,1545736,SBIN
31 January 2022,529.200012,540.849976,528.400024,538.349976,530.082886,968984,SBIN
01 February 2022,545,545,519.75,532.25,524.076599,1954988,SBIN
02 February 2022,536.450012,544.049988,531.349976,539.849976,531.559875,830652,SBIN
03 February 2022,537.950012,544.549988,536.950012,540.099976,531.80603,997114,SBIN
04 February 2022,540.299988,546.349976,527.25,530.200012,522.058105,1520407,SBIN
07 February 2022,534,549.049988,525.650024,533.200012,525.012024,2100024,SBIN
08 February 2022,536.900024,537.549988,519.25,531.099976,522.944214,1263083,SBIN
09 February 2022,535.700012,536.5,527.799988,535.150024,526.932129,667959,SBIN
10 February 2022,537.700012,543.799988,534.5,540.450012,532.150696,782033,SBIN
11 February 2022,535.099976,537.599976,527.25,529.299988,521.171875,853832,SBIN
14 February 2022,509.100006,515,500,501.799988,494.094208,1355784,SBIN
15 February 2022,502.25,526.599976,497.200012,524.650024,516.593323,1804027,SBIN
16 February 2022,527,527.950012,514.099976,516.349976,508.420746,734595,SBIN
17 February 2022,519.400024,519.950012,511.200012,512.799988,504.925262,939495,SBIN
18 February 2022,510.5,520.849976,510.399994,515.450012,507.534607,954624,SBIN
21 February 2022,511,517.450012,504.700012,511.850006,503.989868,808216,SBIN
22 February 2022,500.350006,505.399994,495.549988,498.200012,490.5495,1149937,SBIN
23 February 2022,503.649994,505.399994,497.149994,498.549988,490.894104,588247,SBIN
24 February 2022,484,488.850006,468,472.649994,465.391846,1309977,SBIN
25 February 2022,478.100006,491.799988,478.100006,482.850006,475.435211,1080494,SBIN
28 February 2022,479,485.200012,473.299988,483.299988,475.878296,993482,SBIN
02 March 2022,479.700012,479.899994,467,474.399994,467.11496,2238754,SBIN
03 March 2022,479.100006,484,464.700012,467.299988,460.123993,2432850,SBIN
04 March 2022,463.5,470.799988,458.149994,461.950012,454.856171,863898,SBIN
07 March 2022,447.75,453.350006,433.5,440.350006,433.58786,1912924,SBIN
08 March 2022,438,442,425,440.200012,433.440155,4531090,SBIN
09 March 2022,444.549988,454.200012,438.549988,451.899994,444.96048,1214373,SBIN
10 March 2022,468.700012,476.5,461.850006,468.600006,461.404053,2110077,SBIN
11 March 2022,467.399994,474.799988,462.049988,470.399994,463.176392,1561384,SBIN
14 March 2022,470.399994,486,470.399994,485.149994,477.69989,2147933,SBIN
15 March 2022,489.5,490.399994,480.649994,485.899994,478.438354,1065720,SBIN
16 March 2022,492.5,494.100006,489.450012,492.549988,484.986237,915455,SBIN
17 March 2022,497.950012,503.450012,497.950012,501.75,494.044983,573310,SBIN
21 March 2022,502.299988,502.600006,489.049988,490.600006,483.066193,553338,SBIN
22 March 2022,490.600006,495.600006,477.350006,493.899994,486.315521,1375243,SBIN
23 March 2022,498,502.299988,489.100006,490.649994,483.115417,1190281,SBIN
24 March 2022,485.5,494.700012,483.850006,487,479.521484,810390,SBIN
25 March 2022,491.299988,493.149994,486.75,490.350006,482.820038,511009,SBIN
28 March 2022,492,498.799988,482.100006,497.399994,489.76178,595404,SBIN
29 March 2022,499.100006,501.399994,491.899994,494.950012,487.349396,461843,SBIN
30 March 2022,500.200012,500.350006,492.299988,494.200012,486.610931,344125,SBIN
31 March 2022,495.399994,497.399994,492.200012,493.399994,485.823181,354982,SBIN
01 April 2022,492.299988,509.5,491.700012,508.200012,500.395935,600796,SBIN
04 April 2022,510,514.650024,506.149994,512.549988,504.679108,1013630,SBIN
05 April 2022,513.5,516.299988,508,509.299988,501.479034,864684,SBIN
06 April 2022,507.049988,515.25,506.350006,514.049988,506.156067,582561,SBIN
07 April 2022,511.799988,519.900024,511,515.099976,507.189941,1137060,SBIN
08 April 2022,518.5,518.75,512.599976,516.099976,508.174591,802473,SBIN
11 April 2022,514,522,513.049988,514.950012,507.042297,624986,SBIN
12 April 2022,513.950012,516.450012,504.299988,512.700012,504.826843,781283,SBIN
13 April 2022,514.900024,520.75,513.849976,517.5,509.553101,346944,SBIN
18 April 2022,512.599976,515.099976,504.25,509.399994,501.577484,387773,SBIN
19 April 2022,514.700012,520.900024,505.049988,511.649994,503.792938,345906,SBIN
20 April 2022,512.799988,513.650024,507,509.350006,501.528259,346641,SBIN
21 April 2022,512.700012,517.75,512.700012,516.299988,508.371521,451039,SBIN
22 April 2022,513.900024,513.950012,499.200012,500.399994,492.715698,464903,SBIN
25 April 2022,496,499.149994,490,494.700012,487.103241,386460,SBIN
26 April 2022,499.600006,510,499.25,506,498.229706,321411,SBIN
27 April 2022,500,503,491.850006,497,489.36792,626412,SBIN
28 April 2022,499.700012,509.899994,496.5,507.049988,499.26358,347902,SBIN
29 April 2022,507.5,512.450012,494.149994,496.5,488.87561,400939,SBIN
02 May 2022,494,494.899994,481.5,490.75,483.213898,775521,SBIN
04 May 2022,494.700012,496.299988,477.5,479.600006,472.235138,2528612,SBIN
05 May 2022,488,494.100006,478.799988,479.950012,472.579742,480032,SBIN
06 May 2022,474,486,472.149994,484.350006,476.91217,616822,SBIN
09 May 2022,475.600006,483.600006,473.649994,475.700012,468.39502,699232,SBIN
10 May 2022,479.899994,482.549988,473.5,475.100006,467.80423,316684,SBIN
11 May 2022,476,479,463.799988,476.399994,469.084259,448239,SBIN
12 May 2022,472.149994,473,456.149994,462.450012,455.34848,591337,SBIN
13 May 2022,470,477,440,445.049988,438.215668,2162733,SBIN
16 May 2022,445.350006,461.350006,439.049988,455.149994,448.160583,1147347,SBIN
17 May 2022,458.700012,469.299988,456.200012,467.350006,460.173248,734829,SBIN
18 May 2022,468.399994,468.5,457.25,457.950012,450.917603,603406,SBIN
19 May 2022,450.5,450.5,444.5,447.700012,440.824982,426219,SBIN
20 May 2022,455,464,454,462.5,455.397705,667957,SBIN
23 May 2022,464.700012,471.299988,459.450012,460.950012,453.871521,677212,SBIN
24 May 2022,462,466.700012,460.200012,462.350006,455.250031,449676,SBIN
25 May 2022,461.399994,464.549988,452.149994,454.200012,454.200012,473896,SBIN
26 May 2022,457.399994,470,452.549988,469,469,916936,SBIN
27 May 2022,471.950012,474.950012,467.149994,469,469,817811,SBIN
30 May 2022,473.799988,476.700012,471.200012,474.450012,474.450012,533868,SBIN
31 May 2022,473.950012,476.450012,465.049988,467.799988,467.799988,327190,SBIN
01 June 2022,467.799988,471.799988,464.75,468.200012,468.200012,278790,SBIN
02 June 2022,468.100006,472.299988,466.350006,469.75,469.75,241276,SBIN
03 June 2022,473.600006,475.450012,463.5,464.299988,464.299988,263871,SBIN
06 June 2022,464.299988,465.600006,456.5,463.549988,463.549988,245798,SBIN
07 June 2022,462,465.950012,461.049988,463.350006,463.350006,180831,SBIN
08 June 2022,467.399994,475.5,463.25,471.049988,471.049988,1182307,SBIN
09 June 2022,469.700012,471.149994,462.649994,466.850006,466.850006,425573,SBIN
10 June 2022,465,465,458.799988,461.799988,461.799988,244332,SBIN
13 June 2022,456.5,456.5,442.350006,445.899994,445.899994,942513,SBIN
14 June 2022,445,449.299988,443.299988,447.799988,447.799988,1101886,SBIN
15 June 2022,449.5,455.299988,448.549988,451.5,451.5,607019,SBIN
16 June 2022,454.5,457.850006,440.200012,441.350006,441.350006,1217230,SBIN
17 June 2022,440,447.450012,437.25,441,441,895050,SBIN
20 June 2022,442.5,443.649994,430.799988,434.25,434.25,661319,SBIN
21 June 2022,439.700012,454.799988,437.700012,450.700012,450.700012,621344,SBIN
22 June 2022,449.5,451,444.75,447.700012,447.700012,989313,SBIN
23 June 2022,448.25,456.5,446.100006,451.350006,451.350006,912612,SBIN
24 June 2022,454.049988,460.100006,453.299988,454.350006,454.350006,602969,SBIN
27 June 2022,459.200012,464.700012,458,461.200012,461.200012,601964,SBIN
28 June 2022,459.5,465,458,464.350006,464.350006,854729,SBIN
29 June 2022,460,462.700012,458.049988,459.450012,459.450012,677227,SBIN
30 June 2022,459.5,469.350006,459,465.799988,465.799988,496650,SBIN
01 July 2022,465,468.799988,460.700012,466.899994,466.899994,799663,SBIN
04 July 2022,466,474.299988,466,473.450012,473.450012,640405,SBIN
05 July 2022,475,479.850006,471,472.149994,472.149994,618975,SBIN
06 July 2022,474.25,481,474.100006,479.649994,479.649994,701008,SBIN
07 July 2022,483.75,488.200012,481.700012,486.75,486.75,369392,SBIN
08 July 2022,488.950012,489.850006,485.049988,488.450012,488.450012,435819,SBIN
11 July 2022,485.399994,491.399994,485.399994,488.200012,488.200012,247612,SBIN
12 July 2022,485.700012,491.100006,483,484.799988,484.799988,330405,SBIN
13 July 2022,487.100006,492.450012,484.5,486.649994,486.649994,188583,SBIN
14 July 2022,488,488.850006,476.75,479.450012,479.450012,354773,SBIN
15 July 2022,482.100006,484.5,474.850006,479,479,498088,SBIN
18 July 2022,484,491.350006,482.100006,490.25,490.25,3415104,SBIN
19 July 2022,489.5,498.600006,488.049988,498,498,471493,SBIN
20 July 2022,500,510.5,500,508.600006,508.600006,1484210,SBIN
21 July 2022,509,513.5,506.600006,512.049988,512.049988,805396,SBIN
22 July 2022,513.5,520,511.200012,513.700012,513.700012,779806,SBIN
25 July 2022,513.700012,519,509.200012,517.599976,517.599976,672074,SBIN
26 July 2022,518,520.650024,513.299988,514.150024,514.150024,271857,SBIN
27 July 2022,514.299988,529.799988,512.299988,528.349976,528.349976,539235,SBIN
28 July 2022,531.549988,537.75,529.5,532.299988,532.299988,767500,SBIN
29 July 2022,534.549988,536.700012,526.849976,528.200012,528.200012,337009,SBIN
01 August 2022,528.299988,535,526.150024,533.599976,533.599976,3033471,SBIN
02 August 2022,532.599976,545,531.099976,541.849976,541.849976,564728,SBIN
03 August 2022,541.849976,546.299988,535,540.799988,540.799988,596673,SBIN
04 August 2022,543.900024,544.25,524.299988,532.900024,532.900024,579133,SBIN
05 August 2022,535,542.75,529,530.650024,530.650024,530720,SBIN
08 August 2022,525,525,514,520.299988,520.299988,826104,SBIN
10 August 2022,522.700012,523.400024,513.549988,514.5,514.5,390323,SBIN
11 August 2022,520,525.950012,517.099976,524.549988,524.549988,348550,SBIN
12 August 2022,525.099976,531.549988,525.099976,530.650024,530.650024,353214,SBIN
16 August 2022,532,534,525,525.900024,525.900024,283045,SBIN
17 August 2022,526.900024,530.5,524.299988,528,528,331229,SBIN
18 August 2022,526.049988,534.849976,526.049988,532.400024,532.400024,289749,SBIN
19 August 2022,532,533.299988,518.5,520.400024,520.400024,564022,SBIN
22 August 2022,518.099976,519,510,511.200012,511.200012,462814,SBIN
23 August 2022,506.200012,523.900024,506.200012,522.049988,522.049988,306013,SBIN
24 August 2022,519.5,523,512.099976,519.150024,519.150024,433428,SBIN
25 August 2022,521.5,528.25,518.650024,520.549988,520.549988,372408,SBIN
26 August 2022,523.049988,529.450012,522.200012,523.799988,523.799988,540353,SBIN
29 August 2022,508.200012,516.75,508.200012,514.700012,514.700012,468398,SBIN
30 August 2022,517.349976,532.549988,517.349976,531.150024,531.150024,443811,SBIN
01 September 2022,522,540.950012,522,533.299988,533.299988,651439,SBIN
02 September 2022,536,537.950012,531.25,536.450012,536.450012,688692,SBIN
05 September 2022,536.5,540.799988,536.450012,538.950012,538.950012,378017,SBIN
06 September 2022,538.849976,542.75,534.099976,537.75,537.75,655266,SBIN
07 September 2022,535,537.450012,531.599976,532.650024,532.650024,343228,SBIN
08 September 2022,535,546.299988,535,544.700012,544.700012,534476,SBIN
09 September 2022,549,557,548,553.450012,553.450012,1059122,SBIN
12 September 2022,555,558.349976,551.150024,554.849976,554.849976,532628,SBIN
13 September 2022,557.849976,559.950012,553.950012,558.25,558.25,372210,SBIN
14 September 2022,548.299988,574.75,548.299988,571.599976,571.599976,1306487,SBIN
15 September 2022,575,578.650024,567.849976,572.150024,572.150024,507102,SBIN
16 September 2022,567.799988,573.900024,560.299988,561.599976,561.599976,295284,SBIN
19 September 2022,561,574.400024,559.400024,572.400024,572.400024,1928071,SBIN
20 September 2022,575.5,578,572.75,574.099976,574.099976,397222,SBIN
21 September 2022,574.549988,577.099976,565.549988,569.799988,569.799988,450751,SBIN
22 September 2022,566.049988,574,562,567.400024,567.400024,440248,SBIN
23 September 2022,564.400024,568,549.5,550.450012,550.450012,515453,SBIN
26 September 2022,546.5,549,533.099976,543.799988,543.799988,661959,SBIN
27 September 2022,544,550.75,533.200012,536.25,536.25,675627,SBIN
28 September 2022,533,539.75,520.700012,525.299988,525.299988,1189112,SBIN
29 September 2022,528,535.549988,519.650024,521.950012,521.950012,1020982,SBIN
30 September 2022,524,536.950012,516.299988,531.049988,531.049988,906209,SBIN
03 October 2022,528.700012,531.400024,518.299988,519.650024,519.650024,444614,SBIN
04 October 2022,531,535.799988,528,532.700012,532.700012,283557,SBIN
06 October 2022,533.049988,541.700012,533.049988,537.25,537.25,408934,SBIN
07 October 2022,535.799988,535.799988,526.650024,530.349976,530.349976,301605,SBIN
10 October 2022,525,533.900024,522.150024,530.299988,530.299988,408969,SBIN
11 October 2022,530.299988,533.599976,525.599976,527.200012,527.200012,227126,SBIN
12 October 2022,528.150024,535.099976,526.049988,533.950012,533.950012,187354,SBIN
13 October 2022,533,533.700012,520.349976,521.349976,521.349976,379867,SBIN
14 October 2022,530,534.700012,525.950012,527.049988,527.049988,216543,SBIN
17 October 2022,526.049988,544.799988,524.950012,543.900024,543.900024,402075,SBIN
18 October 2022,546.099976,563.400024,546.099976,562.450012,562.450012,940655,SBIN
19 October 2022,562.450012,563.400024,551.450012,553.200012,553.200012,458561,SBIN
20 October 2022,555.650024,556.75,545.400024,555.400024,555.400024,366493,SBIN
21 October 2022,557.900024,565.549988,556.950012,560.799988,560.799988,718300,SBIN
24 October 2022,566.25,572.400024,566.25,570.349976,570.349976,139821,SBIN
25 October 2022,571.200012,586.099976,568.049988,578.150024,578.150024,1011296,SBIN
27 October 2022,582.5,584.950012,577.75,579.549988,579.549988,643193,SBIN
28 October 2022,579.75,582.5,567,570.75,570.75,299442,SBIN
31 October 2022,573.400024,577.099976,568.400024,573.799988,573.799988,507867,SBIN
01 November 2022,575.200012,585.5,574.5,576.75,576.75,876313,SBIN
02 November 2022,575.099976,578.950012,570,573.950012,573.950012,281391,SBIN
03 November 2022,568.799988,587.900024,568.799988,584.799988,584.799988,777934,SBIN
04 November 2022,586,596.75,580.599976,593.75,593.75,797243,SBIN
07 November 2022,614,622.900024,607.849976,614.200012,614.200012,1680075,SBIN
09 November 2022,620,620.549988,610.700012,615.549988,615.549988,935161,SBIN
10 November 2022,610.099976,615,602.200012,605.700012,605.700012,605727,SBIN
11 November 2022,616,618.299988,598.75,601.099976,601.099976,579483,SBIN
14 November 2022,604,604,591.599976,592.549988,592.549988,344882,SBIN
15 November 2022,593.25,602,592.75,600.900024,600.900024,423802,SBIN
16 November 2022,600.900024,603.450012,595.849976,599.599976,599.599976,546720,SBIN
17 November 2022,598.099976,602.799988,596.400024,599.150024,599.150024,247446,SBIN
18 November 2022,600.25,605.5,597.299988,602.650024,602.650024,571317,SBIN
21 November 2022,602,602,595.599976,598.049988,598.049988,143937,SBIN
22 November 2022,598.049988,600.700012,596.200012,599.099976,599.099976,156754,SBIN
23 November 2022,603,609.349976,601.049988,607.75,607.75,511676,SBIN
24 November 2022,610,611.200012,605.650024,609.349976,609.349976,410001,SBIN
25 November 2022,610.099976,613.5,606.450012,607.450012,607.450012,437639,SBIN
28 November 2022,605.049988,610.950012,602.549988,608.700012,608.700012,315208,SBIN
29 November 2022,609.950012,611.650024,607.150024,608.400024,608.400024,390586,SBIN
30 November 2022,609.299988,611.5,598.400024,602.5,602.5,291093,SBIN
01 December 2022,607.5,609.700012,601.599976,608.049988,608.049988,564599,SBIN
02 December 2022,608,609.599976,604.549988,607.549988,607.549988,176480,SBIN
05 December 2022,605.049988,618,605.049988,617.150024,617.150024,585041,SBIN
06 December 2022,614.700012,619.799988,608,609,609,298737,SBIN
07 December 2022,610.099976,612.900024,604.700012,607,607,346921,SBIN
08 December 2022,610,613.900024,607.299988,611.700012,611.700012,379325,SBIN
09 December 2022,614,618,609,616.450012,616.450012,628573,SBIN
12 December 2022,615.849976,618.650024,611.049988,613.049988,613.049988,281485,SBIN
13 December 2022,614.400024,617.25,612.599976,616.650024,616.650024,2344503,SBIN
14 December 2022,619.400024,626.5,617.349976,625.549988,625.549988,657396,SBIN
15 December 2022,625,629.650024,614,615.5,615.5,494386,SBIN
16 December 2022,612.799988,615.5,593.599976,603.299988,603.299988,331847,SBIN
19 December 2022,608.299988,609.450012,602.900024,604.950012,604.950012,207743,SBIN
20 December 2022,603.5,606.599976,599.450012,604.599976,604.599976,383924,SBIN
21 December 2022,604.650024,609.150024,589.700012,593.400024,593.400024,450475,SBIN
22 December 2022,595.200012,599.049988,587.5,593.349976,593.349976,523610,SBIN
23 December 2022,590,590.450012,572,573.950012,573.950012,439245,SBIN
26 December 2022,573.599976,601.75,570.700012,596.75,596.75,368995,SBIN
27 December 2022,600.900024,603.099976,593.349976,601.849976,601.849976,343276,SBIN
28 December 2022,602,606.950012,598.849976,601.200012,601.200012,258405,SBIN
29 December 2022,601.200012,616.349976,597.349976,612.299988,612.299988,621617,SBIN
30 December 2022,615.700012,620.5,611.5,613.200012,613.200012,544009,SBIN
